Num_Acc,an,mois,jour,hrmn,lum,agg,int,atm,col,com,adr,gps,lat,long,dep
200600056735,6,9,19,800,1,2,3,1,3,137,HERRIOT (AVE EDOUARD),,,,830
200600028772,6,5,13,315,5,2,1,1,6,194,JOHN KENNEDY (AVENUE),,,,860
200600029522,6,5,5,1910,2,1,1,1,6,280,CASANOVA DANIELLE (PLACE,,,,950
200600004493,6,1,6,1730,5,2,1,2,3,220,Les landrons,M,4944400.0,186800.0,600
200600005327,6,1,3,1700,1,1,1,1,1,305,,M,4755300.0,717800.0,680
200600006017,6,1,9,2345,5,2,3,1,1,55,"177, SAINT ANTOINE (CHEM",,,,130
200600062377,6,10,9,1345,1,2,1,1,6,350,"00, SCHUMAN ROBERT BOULE",,,,590
200600033736,6,6,23,1210,1,2,2,1,3,238,"00, BUISSON (FERDINAND)",,,,350
200600011421,6,3,12,440,5,2,1,6,6,1,"25, FOUR D'EYGLUN (AV DU",,,,130
200600035704,6,6,28,1250,1,2,1,1,6,18,12 AV DE CLICHY,,,,750
200600026722,6,5,16,1225,1,2,2,1,2,563,"00000, MARTEAUX (RUE DES",,,,380
200600020267,6,4,13,1050,1,2,1,1,6,18,DUGAY-TROUIN (RUE)  N° I,,,,410
200600066385,6,11,13,1020,1,1,1,1,3,117,"11/13, COPENHAGUE (RUE D",,,,130
200600062064,6,10,20,1503,1,2,1,1,6,7,"16, PICASSO",,,,490
200600030752,6,6,21,1555,1,2,1,1,3,202,rue Beethoven,M,0.0,0.0,790
200600057491,6,9,8,805,1,1,1,1,3,58,GENERAL DE GAULLE (AV DU,,,,940
200600003260,6,1,3,1200,1,2,7,1,6,97,CINEMA BUXY,,,,910
200600067856,6,11,8,2015,5,2,1,2,3,359,"138, POMPIDOU (RUE GEORG",,,,590
200600014011,6,3,3,1310,1,2,1,4,6,330,GALLIENI (RUE),,,,770
200600016659,6,3,9,1030,1,1,9,1,7,211,,M,0.0,0.0,201
200600077862,6,12,14,805,1,2,2,1,7,15,QU ANDRE CITROEN AV EMIL,,,,750
200600044887,6,8,20,1930,1,1,1,1,6,543,,M,0.0,0.0,800
200600026676,6,5,28,305,5,2,1,1,6,261,PONT CHER (AVENUE DE),,,,370
200600018621,6,4,22,1615,1,1,1,1,3,58,,M,0.0,0.0,280
200600051473,6,9,2,1945,1,1,1,1,7,94,,M,4378400.0,-5500.0,320
200600008075,6,2,14,1500,1,2,1,8,6,229,"SANS, PHILIPPE (AVENUE G",,,,280
200600027873,6,5,7,1345,1,2,3,1,3,13,R CHARLES MOUREU R DE TO,,,,750
200600020409,6,4,23,510,3,2,2,1,3,234,"24, SEGELLE (RUE PIERRE)",,,,450
200600038038,6,7,15,2030,2,2,2,1,3,55,BERNEX (RUE)    IMPAIRS,,,,130
200600012173,6,3,1,1720,1,2,3,2,3,281,AVE DES FRERES ROBINSON,,,,330
200600036971,6,6,6,810,1,2,1,1,6,81,"19, JULES GUESDE (QU)",,,,940
200600014051,6,3,6,1800,1,2,6,1,7,383,"Indét, BAUX (RUE DES)",,,,780
200600006763,6,2,14,736,1,1,1,5,1,590,RN 18 - PK 8+100,M,0.0,0.0,540
200600068238,6,11,16,2000,4,2,3,2,3,286,"5 BIS, ROMAIN (BOULEVARD",,,,650
200600010902,6,2,24,2100,5,2,1,1,3,386,"17, LAFAYETTE",,,,690
200600081650,6,5,5,1446,1,2,2,1,3,411,LATTRE DE TASSIGNY (AVEN,,,,974
200600035851,6,6,23,1800,2,1,1,1,7,294,C.D. 9,,,,770
200600042176,6,7,19,1938,1,1,1,1,6,216,A55-Sens Marseille vers,,,,130
200600029452,6,5,24,1920,1,2,1,1,6,80,"189, FONTENAY (R DE)",,,,940
200600077778,6,12,10,2200,5,2,1,1,7,12,320 R DE CHARENTON,,,,750
200600047713,6,8,3,2000,1,2,6,2,6,281,MAGNARD (RUE),,,,260
200600039901,6,7,4,1415,1,2,1,1,2,181,LEFAUCHEUX PIERRE (BD),,,,720
200600058904,6,10,19,1245,1,1,1,1,7,315,,M,4362900.0,209700.0,810
200600037156,6,6,12,840,1,1,1,1,3,66,AUTOROUTE A3,,,,930
200600043158,6,7,29,2000,1,1,1,1,6,127,"Lieu-dit ""Le Brûlat""",M,0.0,0.0,460
200600062603,6,10,6,1530,1,2,3,1,3,113,"1, FOSSES SOUS LE SEMINA",,,,630
200600056147,6,9,22,840,1,2,2,1,3,18,R CAULAINCOURT R TOURLAQ,,,,750
200600045482,6,8,8,1100,1,1,1,1,1,385,,M,0.0,0.0,170
200600066480,6,11,16,1735,3,1,2,2,5,415,ROUTE NATIONALE 141,,,,170
200600077619,6,12,8,1820,5,2,3,3,6,266,RUE FRANCIS DE PRESSENSE,,,,690
200600067929,6,11,3,1130,1,2,2,1,3,392,"57, DOUZIES (RUE DE)",,,,590
200600001261,6,1,3,1655,1,2,1,1,5,279,RESISTANCE (AVE DE LA),,,,400
200600048318,6,8,17,1815,1,2,1,3,7,298,"253, HAUTES LEVEES (RUE",,,,450
200600048130,6,8,22,2015,1,2,2,1,6,261,GRAMMONT (AVENUE DE),,,,370
200600033005,6,6,1,1745,1,1,1,1,7,56,SAUSSET,,,,130
200600060587,6,10,13,1622,1,2,1,1,2,54,"3, REPUBLIQUE  PL DE LA",,,,130
200600014624,6,3,3,2135,5,2,6,1,3,5,"néant, EUROPE (CARREFOUR",,,,930
200600006709,6,2,17,1800,1,2,1,2,7,222,CD 23,M,4555300.0,316300.0,630
200600019350,6,4,20,1510,1,2,1,1,6,55,"00, MARCEAU (PLACE)",,,,130
200600039355,6,7,2,1935,1,2,1,1,2,9,8 MAI 1945 RUE DU A PART,,,,590
200600033189,6,6,12,1700,1,2,6,1,6,215,CALVAIRE (RUE DU),,,,220
200600065421,6,10,16,757,1,1,1,1,7,553,RN 104,,,,910
200600082761,6,9,27,1551,1,2,1,1,6,302,MADELEINE (ROUTE DE LA),,,,973
200600043839,6,7,23,1530,1,1,1,1,6,191,,M,0.0,0.0,710
200600003037,6,1,7,2050,5,2,1,8,3,1,"82, REPUBLIQUE (de la)",,,,800
200600023681,6,5,15,1815,1,1,1,1,6,73,,M,0.0,0.0,720
200600006433,6,2,1,800,1,1,1,5,6,280,,M,0.0,0.0,860
200600034814,6,6,23,1630,1,1,1,1,2,224,AUTOROUTE A 36,,,,680
200600026423,6,5,2,1440,1,1,1,1,7,63,CRS JULES LADOUMEGUE,,,,330
200600003223,6,1,15,1510,1,1,1,1,7,65,AUTOROUTE A20,,,,870
200600041732,6,7,7,1810,1,2,1,1,3,4,"SANS, MARECHAL JUIN AVEN",,,,201
200600048370,6,8,1,1148,1,2,1,1,2,99,"43, DELHUMEAU PLESSIS (B",,,,490
200600053772,6,9,21,1715,1,2,1,1,2,300,"02, MOULIN   PONT JEAN",,,,170
200600010601,6,2,22,700,2,2,1,1,2,18,RN 311,,,,950
200600003212,6,1,6,1755,5,1,2,1,3,75,RN 21,,,,870
200600023842,6,5,9,2345,3,1,1,1,6,155,,M,4571700.0,-110900.0,170
200600017248,6,4,7,1310,1,2,2,1,3,70,avenue président KENNEDY,M,0.0,0.0,220
200600037695,6,7,25,1443,1,2,1,1,4,29,"24, TUBY (AVENUE FRANCOI",,,,60
200600050903,6,9,20,1715,1,1,1,1,6,3,,M,4916100.0,118200.0,270
200600006791,6,2,12,1545,1,2,1,1,1,523,12 RUE Michel ADAM,M,0.0,0.0,670
200600074942,6,12,17,1845,3,1,1,9,6,493,,M,0.0,0.0,510
200600077682,6,12,15,1230,1,2,1,1,6,181,"40, MAC JEAN (AV) N° PAI",,,,720
200600034042,6,6,14,1055,1,2,2,1,3,95,"07, PIENCOURT (ALLEE)",,,,480
200600070704,6,11,11,1516,1,1,1,2,2,18,AUTOROUTE A15,,,,950
200600031483,6,6,12,945,1,1,1,1,2,368,,M,4732600.0,613200.0,250
200600027298,6,5,27,1215,1,1,1,1,6,603,VOIE PRIVEE USINE LME,,,,590
200600013974,6,3,14,1705,1,2,1,1,6,540,"1, ELBEUF. RUE D'",,,,760
200600074738,6,12,17,1145,1,1,1,1,7,115,"""Les chopins""",M,0.0,0.0,180
200600011793,6,3,30,700,5,2,3,2,3,33,"sans, AVENIR (BOULEVARD",,,,180
200600061004,6,10,24,1020,1,2,1,1,6,54,"137, DIJON (ROUTE DE)",,,,210
200600053321,6,9,16,915,1,2,3,1,3,88,"1, DELVALLE (RUE PROF.)",,,,60
200600031333,6,6,25,1230,1,1,1,2,3,413,CD 9  - PK 43+820,M,0.0,0.0,510
200600081539,6,5,4,1700,4,1,1,1,6,209,"73, AURELIE DICANOT (RUE",,,,972
200600001054,6,1,20,1844,5,2,1,1,3,550,"397, RTE DE TOULOUSE",,,,330
200600019355,6,4,19,2205,5,2,1,1,3,55,MENDES FRANCE (AVENUE),,,,130
200600054141,6,9,16,2115,5,2,1,2,6,555,"71, RUE ARISTIDE MAILLOL",,,,310
200600052540,6,9,10,1800,1,2,1,1,3,140,route de Nogent le roi,M,4861800.0,166900.0,280
200600006925,6,2,9,1730,2,2,1,4,6,156,Rue de Verdun,M,0.0,0.0,250
200600013573,6,3,3,1805,1,2,1,1,2,20,BPE VINCENNES MONTREUIL,,,,750
200600059209,6,10,26,1500,1,1,1,1,1,515,CD 12 PK 3+400,M,4904800.0,602600.0,570
200600007657,6,2,4,1820,2,2,2,1,6,202,MARECHAL JOFFRE (AVENUE,,,,120
200600048113,6,8,21,1050,1,2,1,1,3,44,"0, ARGENTON(AV D')",,,,360
200600023699,6,5,13,445,3,1,1,5,3,125,Lieu dit Rété,M,0.0,0.0,850
200600035212,6,6,2,710,1,2,2,1,3,5,BD SAINT GERMAIN R SAINT,,,,750
200600039694,6,7,19,1350,1,2,1,1,3,483,ITHURRALDE ANDRE (AVENUE,,,,640
200600080757,6,2,28,1100,1,2,1,1,3,302,MADELEINE (ROUTE DE LA),,,,973
200600081060,6,3,14,805,1,2,1,1,6,411,"69, MUSCADIER (RUE DU)",,,,974
200600072869,6,11,18,145,3,1,1,5,1,27,,M,0.0,0.0,210
200600017092,6,4,22,2000,1,1,1,7,6,88,,M,0.0,0.0,620
200600066309,6,11,28,730,1,2,3,1,3,55,"00, GAROUTTE (BOULEVARD)",,,,130
200600052593,6,9,29,1925,2,1,2,1,3,104,,M,0.0,0.0,370
200600008551,6,2,9,1645,1,2,1,1,6,109,RUE ESNOUL DES CHATELETS,,,,440
200600054457,6,9,6,928,1,2,2,1,6,516,DOYEN GOSSE (RUE),,,,380
200600043697,6,7,30,630,2,2,1,1,6,155,Rte d'Eguisheim,M,0.0,0.0,680
200600003701,6,1,9,2105,5,2,1,1,3,70,GABRIEL-PERI (AV),,,,930
200600018467,6,4,17,100,3,1,1,1,7,61,,M,0.0,0.0,300
200600041687,6,7,24,920,1,2,2,1,3,18,CARRE (RUE MICHEL),,,,950
200600032205,6,6,24,1840,1,1,1,1,7,46,"100, sens Province-Paris",M,0.0,0.0,410
200600018545,6,4,11,1715,1,1,3,1,5,93,,M,4876600.0,339700.0,770
200600044510,6,7,3,1730,1,1,1,1,5,13,,M,4603000.0,472600.0,690
200600029349,6,5,11,930,1,2,1,1,6,28,"05, FONTENELLES(RUE DES)",,,,940
200600037693,6,7,24,1315,1,2,1,1,3,29,"139, JUIN (AVENUE MARECH",,,,60
200600065338,6,10,19,2040,3,1,1,2,6,48,AUTOROUTE A86,,,,930
200600037085,6,6,2,1425,1,1,1,1,2,258,A4.W,,,,770
200600074588,6,12,18,745,2,2,1,1,6,8,AUZON,M,0.0,0.0,300
200600033316,6,6,30,1505,1,2,3,1,3,19,JAURES JEAN (DE 239 ET 2,,,,290
200600026801,6,5,31,1030,1,2,3,1,3,305,"41, HUGO VICTOR",,,,420
200600059158,6,10,26,815,1,2,6,1,3,430,Ave léo lagrange/Rte riv,M,4585200.0,353000.0,630
200600064543,6,10,12,1448,1,1,1,1,3,26,"-, HÔTEL DE VILLE (RUE)",,,,920
200600068903,6,11,19,505,5,2,2,2,3,7,R DE BELLECHASSE BD SAIN,,,,750
200600055483,6,9,21,1920,2,2,1,1,6,482,"81, VOSGES (AVENUE DES)",,,,670
200600022521,6,4,6,835,1,2,1,1,2,51,HAUTS CHATEAUX,,,,930
200600043048,6,7,25,915,1,1,9,1,3,152,"t ""La Gare de Peyrilhac""",M,0.0,0.0,870
200600053553,6,9,22,1135,1,2,1,1,7,55,"225, PAUL CLAUDEL (BOULE",,,,130
200600000690,6,1,10,1010,1,2,1,9,3,31,"19, ESCANDE (RUE JOSEPH)",,,,190
200600083127,6,10,23,1150,1,2,1,1,3,411,"101, GAULLE (DU GENERAL",,,,974
200600055474,6,9,15,1500,1,2,1,2,2,482,"00, HAGUENAU (PLACE DE)",,,,670
200600024394,6,5,1,1945,1,1,1,8,6,470,,M,0.0,0.0,80
200600030798,6,6,19,1500,1,1,1,1,7,499,,M,0.0,0.0,310
200600067883,6,11,11,1845,5,2,1,1,6,350,"Sans objet, NATIONALE RU",,,,590
200600069825,6,11,8,1015,1,2,1,8,3,97,JEAN MOULIN (AVENUE),,,,910
200600041209,6,7,28,1240,1,2,1,1,7,36,"18, SEINE (ROUTE DE LA)",,,,920
200600068056,6,11,17,2215,5,2,3,6,6,666,"sans, WILLARD (R WILLIAM",,,,620
200600038022,6,7,20,1730,1,2,1,1,3,55,HENRI BARNIER (BOULEVARD,,,,130
200600015767,6,3,23,2130,5,2,1,2,3,397,avenue aquitaine,M,4491300.0,-48300.0,330
200600033499,6,6,29,1455,1,2,2,1,3,555,"999, RTE DE SEYSSES",,,,310
200600004665,6,1,13,1930,5,2,1,1,1,497,D 903,M,4931200.0,-142300.0,500
200600001966,6,1,10,1605,1,2,3,1,3,24,"95, BAHINOS (ROUTE DE)",,,,640
200600053135,6,9,11,1910,1,2,2,1,2,310,"1, THERMALE (AVENUE)",,,,30
200600039028,6,7,1,1850,1,2,1,1,6,234,"FACE AU 11, PARIS (AVENU",,,,450
200600065354,6,10,24,940,1,1,1,1,7,582,AUTOROUTE A15,,,,950
200600051765,6,9,16,1745,1,2,1,1,1,260,,M,0.0,0.0,740
200600061012,6,10,11,1350,1,2,3,1,3,166,"48, LONGVIC (DE) (RUE)",,,,210
200600027915,6,5,9,1620,1,2,1,2,7,19,ECH AUBERVILLIERS,,,,750
200600073362,6,12,9,1100,1,1,1,8,1,240,lais - Bois de Plumaugat,M,0.0,0.0,220
200600010119,6,2,19,1306,1,1,1,1,6,75,RN 21,,,,870
200600051160,6,9,14,1230,1,2,1,1,1,168,rue du Général Dunlap,M,0.0,0.0,720
200600032878,6,6,21,1330,1,2,1,1,2,55,"00, CANEBIERE     1 A 79",,,,130
200600063093,6,10,2,2030,5,2,2,2,6,15,R ERNEST HEMINGWAY BD GL,,,,750
200600049591,6,8,26,1535,1,2,1,2,6,498,"44, GAMBETTA BD",,,,780
200600029323,6,5,22,1520,1,2,3,1,2,17,MUSSELBURGH (R DE),,,,940
200600003943,6,1,6,820,1,2,9,1,1,607,ECOLES (RUE DES),,,,950
200600081589,6,5,3,1635,1,2,1,1,3,302,ROND POINT MADELEINE,,,,973
200600059361,6,10,16,1245,1,1,1,1,5,60,,M,0.0,0.0,680
200600037478,6,6,8,1700,1,1,1,1,2,142,A7,,,,690
200600052344,6,9,17,700,2,2,1,1,1,206,avenue du languedoc,M,0.0,0.0,110
200600023240,6,4,6,1305,1,2,1,1,3,260,"80, GERBAULT(RUE ALAIN)",,,,560
200600070057,6,11,6,2240,5,2,1,1,3,50,"403, REPUBLIQUE AVENUE D",,,,920
200600039541,6,7,13,1540,1,2,1,1,3,413,"17, LILLE (RTE DE)",,,,620
200600063397,6,10,14,1015,1,2,1,1,6,12,2 AV COURTELINE,,,,750
200600037871,6,7,10,1705,1,2,1,1,3,262,RN 009 NARBONNE /  PERPI,,,,110
200600051059,6,9,2,2030,1,1,1,1,3,24,Les Quatre Journées,M,0.0,0.0,610
200600029902,6,5,4,1035,1,1,1,1,6,5,A52-Sens Toulon vers Pon,,,,130
200600082220,6,7,1,2300,5,2,1,1,2,302,TROUBIRAN (CHEMIN DE),,,,973
200600015714,6,3,3,1645,1,1,2,3,3,115,,M,4735800.0,-30400.0,490
200600066305,6,11,22,1220,1,2,1,1,3,55,"00, LIEUTAUD (COURS)",,,,130
200600014922,6,3,15,1235,1,2,2,1,2,80,"33, CHATEAU (AV DU)",,,,940
200600058869,6,10,8,1830,1,1,1,1,5,268,,M,4360600.0,102000.0,320
200600069397,6,11,24,1135,1,1,1,2,3,644,NATIONALE 10 ( ROUTE),,,,780
200600014116,6,3,24,1650,1,2,1,2,6,640,"1, CAPITAINE TARON (RUE",,,,780
200600066930,6,11,2,1050,1,2,2,1,1,63,CRS VICTOR HUGO,,,,330
200600014887,6,3,24,1740,1,2,9,2,3,46,"211, GENERAL LECLERC (AV",,,,940
200600000958,6,1,26,1412,1,2,1,1,3,555,"12, AV JEAN RIEUX",,,,310
200600049791,6,8,1,1111,1,1,1,1,6,75,RN 21,,,,870
200600013034,6,3,20,1745,1,2,1,1,1,113,"1, SCHUMAN (BD ROBERT)",,,,630
200600015507,6,3,11,2115,3,1,1,1,7,187,,M,4972300.0,42400.0,760
200600061344,6,10,13,1610,1,1,1,1,4,555,VA007331 A620,,,,310
200600007885,6,2,11,2340,5,2,1,1,6,56,ZOLA (Boulevard Emile),,,,130
200600043601,6,7,8,1315,1,1,1,1,6,222,,M,4852000.0,648900.0,540
200600021808,6,4,7,1850,1,1,1,1,2,131,"139, REBAIS (AVENUE DE)",,,,770
200600060220,6,10,11,1220,1,2,3,1,3,691,"0, BUFFON (AVENUE)",,,,20
200600082035,6,7,27,2015,5,1,1,1,1,232,,A,0.0,0.0,972
200600079510,6,12,29,850,1,2,1,9,7,28,HALPERN.(AVENUE BERNARD),,,,940
200600078007,6,12,20,1735,5,2,1,1,6,12,QU DE BERCY,,,,750
200600021143,6,4,14,1850,1,2,3,1,3,11,ALLOBROGES (QUAI DES),,,,730
200600018013,6,4,10,1400,1,1,1,1,1,71,,M,4880700.0,701900.0,570
200600053341,6,9,20,730,1,1,1,1,2,88,"0, VOIE RAPIDE",,,,60
200600077877,6,12,15,1345,1,2,2,1,2,16,AV PAUL DOUMER R DE LA P,,,,750
200600079616,6,12,1,510,5,2,1,1,6,81,"00, BERTHIE ALBRECHT (R)",,,,940
200600043858,6,7,26,2000,1,1,1,1,7,364,,M,4746800.0,377200.0,890
200600078457,6,12,27,1745,5,2,1,1,2,351,VERDUN (DE) N°>195,,,,760
200600030685,6,6,26,2315,3,1,1,1,6,5,,M,4336600.0,-57100.0,640
200600067660,6,11,3,1800,1,2,1,1,3,395,"69, BOUFFLERS (AVENUE) D",,,,540
200600029393,6,5,2,1935,1,2,1,1,5,65,BOULEVARD CIRCULAIRE ( M,,,,940
200600033200,6,6,1,1938,1,2,1,1,6,322,"56, SEMARD (RUE PIERRE)",,,,240
200600051794,6,9,2,1400,1,1,1,1,1,374,,M,4553800.0,378600.0,630
200600048384,6,8,23,1125,1,1,1,2,7,203,"00, CHASSE DE QUINCAMPOI",,,,500
200600006852,6,2,17,2030,5,2,1,2,6,440,RUE MARNIERE,M,0.0,0.0,80
200600034277,6,6,18,210,5,2,1,1,2,260,", ROOSEVELT(AVENUE)",,,,560
200600048238,6,8,1,1448,1,1,1,1,7,157,88 (ROUTE NATIONALE),,,,430
200600044171,6,7,20,740,1,1,6,1,3,182,,M,0.0,0.0,300
200600049589,6,8,17,1705,1,1,1,1,6,498,QUARANTE SOUS ROUTE DE,,,,780
200600033919,6,6,29,1637,1,2,1,1,6,218,"1, CHARCOT DOCTEURS A PA",,,,420
200600014118,6,3,1,940,1,1,1,4,3,646,MINIERE (ROUTE DE LA),,,,780
200600044800,6,7,22,1050,1,1,1,1,3,58,"sans, RN 2007",,,,260
200600040723,6,7,1,220,3,1,1,1,6,379,NATIONALE 19 (ROUTE),,,,770
200600009203,6,2,23,930,1,2,1,1,7,65,"0.001, MOTTE SERVOLEX (A",,,,730
200600066770,6,11,14,1638,1,2,1,1,6,189,"1292, MONSEIGNEUR CLAVER",,,,300
200600044873,6,8,21,1530,1,1,1,1,3,533,,M,5052600.0,217600.0,620
200600050024,6,8,30,1340,1,2,1,1,6,8,VAILLANT COUTURIER (AVEN,,,,930
200600032046,6,6,23,700,1,1,1,1,1,444,"s PARIS LYON, PK 339.100",M,0.0,0.0,710
200600002301,6,1,8,1740,5,2,1,1,6,11,100 R OBERKAMPF,,,,750
200600050290,6,8,18,1537,1,2,1,1,6,4,"sans, BONAPARTE CHARLES",,,,201
200600015843,6,3,7,1900,3,1,1,2,1,209,RN 134,M,0.0,0.0,640
200600067779,6,11,23,825,1,2,1,8,6,463,"7, QUEULEU (RUE DE )",,,,570
200600066552,6,11,15,2245,5,2,2,1,3,278,CORNEILLE COTE PAIR,,,,220
200600063498,6,10,16,1510,1,2,3,1,6,4,QU D ANJOU PT DE SULLY,,,,750
200600000629,6,1,5,810,3,1,1,1,1,299,"172990048, BIIGNON BOULE",,,,170
200600052200,6,9,1,830,1,2,1,1,6,149,Avenue de la Libération,M,0.0,0.0,40
200600027725,6,5,2,1215,1,2,1,1,6,19,2 AV JEAN JAURES,,,,750
200600055630,6,9,25,1152,1,2,2,1,3,181,RIF (RUE DU)  N° IMP,,,,720
200600055708,6,9,4,1235,1,2,3,2,2,11,R DE NEMOURS AV DE LA RE,,,,750
200600065259,6,10,25,1800,1,1,1,1,3,51,A4,,,,930
200600009421,6,2,10,2005,5,2,3,1,6,11,BD MENILMONTANT R DE LA,,,,750
200600043580,6,7,16,730,1,1,1,1,7,206,,M,4929100.0,613100.0,570
200600030382,6,6,2,730,1,2,3,1,3,26,Avenue des Villages,M,0.0,0.0,440
200600059061,6,10,31,1350,1,2,1,1,1,1,REPUBLIQUE ET PAINLEVEE,M,0.0,0.0,380
200600028047,6,5,2,1445,1,2,1,1,2,6,PT NEUF,,,,750
200600066397,6,11,29,1340,1,2,1,1,3,71,"189 TER, MITTERRAND (AVE",,,,130
200600069441,6,11,9,935,1,2,1,1,3,517,"22, EIFFEL (IMPASSE GUST",,,,780
200600079121,6,12,12,1850,5,2,1,8,3,26,"84, MISSION MARCHAND (CO",,,,920
200600026950,6,5,15,1601,1,2,3,1,3,7,"00, STRASBOURG BOULEVARD",,,,490
200600011891,6,3,14,925,1,2,2,1,3,56,"sans, BLUM BOULEVARD LEO",,,,250
200600073846,6,12,15,1800,3,1,1,1,6,345,bourdieu,M,4397000.0,50000.0,320
200600008453,6,2,2,1200,1,2,1,1,3,169,"00, CURIE (BOULEVARD J.)",,,,380
200600012622,6,3,10,1100,1,2,1,1,6,7,"00, FOCH BOULEVARD",,,,490
200600018546,6,4,26,1730,1,2,1,2,5,182,RUE DES PROMENADES,M,4878700.0,330400.0,770
200600038071,6,7,24,1225,1,2,1,1,2,55,"276, LITTORAL (CHEMIN DU",,,,130
200600079344,6,12,7,1020,1,2,2,2,3,46,"NR, WINSTON CHURCHILL AV",,,,930
200600012072,6,3,6,1210,1,1,1,1,6,555,VA007355 PURPAN A620 Sor,,,,310
200600030161,6,6,9,1430,1,1,1,1,6,421,CD 910,M,0.0,0.0,760
200600038441,6,7,7,1415,1,2,1,2,3,254,SAINT MARTIN (BOULEVARD),,,,290
200600035558,6,6,11,1430,1,2,1,1,4,19,BPI PRE SAINT GERVAIS LE,,,,750
200600016801,6,3,24,500,3,1,1,1,1,69,,M,0.0,0.0,410
200600007954,6,2,12,609,5,2,1,9,6,33,"59, RENAN (AVENUE ERNEST",,,,180
200600047848,6,8,6,2140,5,1,1,1,6,149,3 COLOMIERS EST (A624),,,,310
200600023522,6,5,15,2305,3,2,1,1,2,95,LA MALADREDIE,M,0.0,0.0,350
200600040581,6,7,31,1620,1,2,3,1,3,20,BD DAVOUT CRS VINCENNES,,,,750
200600049096,6,8,6,315,5,2,3,1,6,17,R DENIS POISSON AV GRAND,,,,750
200600066384,6,11,13,845,1,1,1,1,5,71,CD 6,,,,130
200600070637,6,11,8,115,3,1,1,5,6,449,A4,,,,770
200600033862,6,6,13,2315,3,2,1,1,3,316,"29, RECLUS (RUE ELYSEE)",,,,420
200600039155,6,7,14,1855,1,2,1,1,2,454,LAON (AVENUE) DU N°343 A,,,,510
200600025905,6,5,10,2130,5,2,2,1,7,55,"1, CAILLOLS (AVENUE DES)",,,,130
200600020426,6,4,10,1507,1,2,1,1,6,1,"20 bis, REMPARTS TRUELLE",,,,470
200600052822,6,9,16,1130,1,1,1,1,7,26,,M,0.0,0.0,360
200600003271,6,1,14,845,1,2,1,1,3,657,"5, HENRI BARBUSSE (AVENU",,,,910
200600033627,6,6,22,500,5,2,1,1,7,3,MITTERRAND (K19 A O24,,,,340
200600007038,6,2,21,1945,5,1,2,1,1,327,,M,0.0,0.0,340
200600032842,6,6,18,815,1,2,1,1,6,55,"19, HAITI (BOULEVARD D')",,,,130
200600012457,6,3,26,1510,1,2,1,1,3,18,"63, MARE (RUE DE LA)",,,,410
200600071548,6,11,20,1645,1,1,1,1,1,33,,M,0.0,0.0,440
200600053265,6,9,3,1755,1,2,1,1,3,88,"53, MONT-ALBAN (AV. DU)",,,,60
200600041229,6,7,2,1800,1,2,1,1,6,48,"43, GENERAL DE GAULLE (A",,,,920
200600061184,6,10,17,1855,1,2,1,1,4,19,"20, LE GORGEU (N°ENTRE T",,,,290
200600060489,6,10,28,1227,1,2,1,1,2,88,"0, TUNNEL DU PAILLON",,,,60
200600029084,6,5,11,1915,1,2,2,1,3,73,"38, ROOSVELT (AVENUE FRA",,,,920
200600029430,6,5,30,855,1,2,3,1,3,68,LIEUTENANT SOUFFLAY (R D,,,,940
200600077992,6,12,19,2030,5,2,1,1,6,20,BPI MONTREUIL VINCENNES,,,,750
200600016306,6,3,18,2330,3,1,1,1,7,263,,M,4759200.0,745400.0,680
200600061001,6,10,20,1030,1,2,1,2,6,54,BOUZE (ANCIENNE ROUTE DE,,,,210
200600072845,6,11,17,1945,5,2,1,3,3,7,Route départementale 386,M,0.0,0.0,690
200600053760,6,9,7,750,1,2,1,1,1,200,MOISY   AVENUE DU RECTEU,,,,170
200600077915,6,12,16,1810,5,2,2,2,6,15,R CAMBRONNE R LECOURBE,,,,750
200600039626,6,7,7,2245,4,2,6,1,3,102,"72, ALSACE LORRAINE (BOU",,,,640
200600001155,6,1,6,745,2,2,1,1,6,238,"9, JANVIER (AVENUE JEAN)",,,,350
200600003522,6,1,25,31,5,2,1,2,6,78,"144, GALLIENI (BD) (126",,,,920
200600040747,6,7,28,1850,1,2,9,1,3,297,EIFFEL (RUE GUSTAVE),,,,780
200600036803,6,6,2,1640,1,2,6,1,3,17,ROGER SALENGRO (AV),,,,940
200600017263,6,4,27,945,1,1,1,8,1,7,,M,,,290
200600011984,6,3,14,2010,3,1,1,1,6,151,EXPRESS RN 12 (VOIE),,,,290
200600064108,6,10,23,940,1,2,3,1,3,65,"147, LAVAUR RD 112 (AVEN",,,,810
200600079000,6,12,25,30,5,2,2,1,7,223,"117/119, SAINT MICHEL (B",,,,910
200600057207,6,9,7,1142,1,2,1,1,6,5,"64, JULES PRINCET [CD115",,,,930
200600021229,6,4,3,1940,1,2,2,1,3,16,RTE DES MOULINS RTE DE S,,,,750
200600035978,6,6,7,815,1,2,1,1,3,646,"Neant, Route des Docks",,,,780
200600027773,6,5,2,1550,1,2,1,1,3,19,35 R MANIN,,,,750
200600034132,6,6,12,925,1,1,1,1,1,454,NATIONALE (AVENUE) LA NE,,,,510
200600050893,6,9,14,815,1,2,9,1,3,56,Boulevard Sylla Lefevre,M,4910000.0,61100.0,270
200600009556,6,2,19,1620,1,2,2,8,6,11,BD RICHARD LENOIR R SEDA,,,,750
200600001732,6,1,7,1800,5,2,1,1,6,350,"21, TURENNE RUE",,,,590
200600025585,6,5,31,840,1,1,1,1,7,4,RN 570,,,,130
200600041219,6,7,30,110,5,2,4,1,3,40,GENERAL DE GAULLE (AVE D,,,,920
200600058102,6,9,23,1850,5,2,1,1,6,389,"15, MARIETTON",,,,690
200600027557,6,5,16,730,1,1,2,2,2,365,"00, VOSGES (RUE DES)",,,,670
200600073575,6,12,21,2130,3,1,1,1,7,213,La Gâtine,M,0.0,0.0,850
200600045873,6,8,13,245,3,1,1,6,6,26,RN 89 lieu dit RANDANNE,M,4568900.0,294000.0,630
200600028667,6,5,18,1810,1,2,1,1,1,123,"120, EUROPE UNIE (AVENUE",,,,830
200600073126,6,12,29,2130,5,2,1,1,1,473,Rue Anatole FRANCE,M,0.0,0.0,620
200600037632,6,7,12,1255,1,2,1,1,2,4,CLAUDE CH.DE ST,,,,60
200600058348,6,10,20,1845,3,1,1,2,3,433,,M,0.0,0.0,760
200600013702,6,3,19,1140,1,2,2,1,3,10,R FG SAINT MARTIN BD DE,,,,750
200600012618,6,3,6,1801,1,2,1,1,2,7,"00, BERGES VOIE",,,,490
200600031881,6,6,17,1615,1,1,1,1,6,51,,M,0.0,0.0,450
200600045684,6,8,26,100,3,2,1,1,6,197,,M,0.0,0.0,690
200600044360,6,7,5,1830,1,2,1,1,1,357,14 rue Jean Moulin,M,4854000.0,159000.0,280
200600070954,6,11,30,1000,1,1,1,1,4,193,AUTOROUTE A16,,,,620
200600024630,6,5,24,1530,1,1,1,1,3,127,chemin ST clair,M,0.0,0.0,830
200600052086,6,9,30,1930,3,1,1,2,7,58,,M,4658200.0,471900.0,710
200600024879,6,5,1,830,1,1,1,1,6,25,PK 5+300,M,4825400.0,196300.0,280
200600079301,6,12,17,750,1,2,2,8,2,27,PASTEUR (BOULEVARD) DE 1,,,,930
200600078322,6,12,6,1325,1,2,1,1,7,19,21 AV CORENTIN CARIOU,,,,750
200600016137,6,3,20,1520,1,1,1,1,7,66,La Chanal,M,0.0,0.0,420
200600045614,6,8,12,304,3,1,1,1,7,122,,M,4489800.0,177500.0,460
200600020341,6,4,11,1550,1,2,1,1,6,109,RUE MONDESIR,,,,440
200600044340,6,7,10,15,3,1,1,1,6,146,- entrée d'agglomération,M,0.0,0.0,180
200600076473,6,12,9,456,3,1,1,2,7,159,MONTLUCON (ROUTE) R.D. N,,,,360
200600070944,6,11,22,1040,1,1,1,1,6,507,AUTOROUTE A1,,,,590
200600055739,6,9,1,1725,1,2,3,1,6,20,R EMMERY R DE PYRENEES,,,,750
200600062441,6,10,5,1905,1,2,3,2,3,650,MONGE (RUE),,,,590
200600027911,6,5,9,1153,1,2,4,2,3,17,BD DE COURCELLES R DES R,,,,750
200600035701,6,6,10,1435,1,2,1,1,2,17,BPI CLICHY SAINT OUEN,,,,750
200600001431,6,1,19,740,5,2,1,2,2,234,DAUPHINE (AVENUE),,,,450
200600012792,6,3,1,1930,5,2,1,4,3,143,JOFFRE (RUE),,,,570
200600009052,6,2,18,1045,1,2,8,1,1,286,"1, BEGUERE (AVENUE ANTOI",,,,650
200600017750,6,4,21,2300,3,1,1,1,6,51,"lieu-dit ""la bourdonne""",M,4417500.0,116500.0,820
200600014730,6,3,17,1655,1,2,1,1,6,14,"5, EMILE ZOLA (BOULEVARD",,,,930
200600012937,6,3,31,1830,1,2,1,1,6,284,"63, JEAN JAURES",,,,590
200600029439,6,5,10,1930,1,2,1,1,7,77,"69, PAUL BERT (R)",,,,940
200600075118,6,12,7,1645,1,2,3,1,3,27,PLAGE BOULEVARD DE LA,,,,60
200600035687,6,6,22,910,1,2,1,1,6,6,136 BD RASPAIL,,,,750
200600080064,6,12,7,1830,5,2,1,2,1,383,"14, RUE D AUBIGNY",,,,690
200600067119,6,11,23,851,1,2,2,1,3,172,BALANCES (RUE DES),,,,340
200600029661,6,5,5,2227,3,1,1,1,2,363,AUTOROUTE A10,,,,910
200600024036,6,5,13,1845,1,1,1,1,3,134,,M,4628600.0,490600.0,10
200600022810,6,4,25,1418,1,2,1,1,6,4,"SANS, MARECHAL LYAUTEY A",,,,201
200600080790,6,2,20,1550,1,2,1,2,6,411,"10, BOUVET",,,,974
200600082491,6,8,7,1210,1,2,1,1,3,302,CARREFOUR SUZINI,,,,973
200600049570,6,8,28,1240,1,2,1,3,6,297,BESSE (PLACE GEORGES),,,,780
200600043822,6,7,26,2145,2,1,1,1,2,494,,M,4641900.0,487800.0,710
200600029026,6,5,17,600,2,2,1,1,3,49,"39, BROSSOLETTE AVENUE P",,,,920
200600055704,6,9,5,1210,1,2,2,1,3,12,RTE DE LA GERBE RTE TOUR,,,,750
200600006149,6,2,3,1900,3,1,1,1,1,333,,M,0.0,0.0,760
200600012310,6,3,23,1800,1,2,2,1,3,32,CORTOT ALFRED (RUE),,,,340
200600047422,6,8,4,1300,1,2,9,1,4,55,", ALEX. FLEMING (BOULEVA",,,,130
200600069169,6,11,29,1845,5,2,2,1,6,16,ECH DAUPHINE RTE DE SURE,,,,750
200600025732,6,5,7,2000,1,2,1,1,2,55,"322, PIERRE DOIZE  (RUE)",,,,130
200600075111,6,12,27,900,1,2,1,1,3,4,"650, COMBES CH.DES",,,,60
200600071371,6,11,8,1735,1,1,1,1,6,126,La Perrière,M,0.0,0.0,350
200600017148,6,4,16,1900,1,2,9,1,1,188,rue ST ELOI,M,4939000.0,300900.0,600
200600030154,6,6,12,1945,1,1,1,1,1,56,,M,0.0,0.0,760
200600039996,6,7,2,2150,1,2,1,1,6,5,03 R DES ARENES,,,,750
200600047340,6,8,14,1250,1,2,2,1,3,54,BARRELET  AVENUE HENRI,,,,130
200600030018,6,6,10,1100,1,2,1,1,6,53,route de maubeuge,M,5030000.0,379000.0,590
200600082862,6,10,3,1425,1,2,1,1,7,124,route de Bologne,A,0.0,0.0,971
200600004249,6,1,24,1505,1,2,2,1,3,383,ST MAXIMIN,,,,690
200600004000,6,1,20,2300,3,1,1,1,1,74,RN406.W,,,,940
200600028663,6,5,9,1045,1,2,3,1,2,123,"0000, TOULON (ANCIEN CHE",,,,830
200600007493,6,2,8,1207,1,2,1,1,2,29,"49, LEADER (BOULEVARD)",,,,60
200600059570,6,10,29,1730,1,1,1,1,1,106,,M,0.0,0.0,40
200600043705,6,7,18,1345,1,1,1,1,1,287,,M,4795800.0,728800.0,680
200600074901,6,12,8,725,2,1,1,1,3,39,,M,4526700.0,589200.0,380
200600037055,6,6,26,1920,1,2,3,1,3,607,MOULIN-A-PIERRE-MAILLARD,,,,950
200600076610,6,12,10,1000,1,2,1,1,6,218,"7, AMOUROUX (SQUARE)",,,,420
200600062083,6,10,5,510,5,2,1,1,6,99,"8, TOCQUEVILLE (RUE DE )",,,,490
200600023272,6,2,2,240,5,2,6,5,6,545,AVENUES (CHEMIN DES),,,,780
200600066488,6,11,2,1112,1,2,1,2,6,33,"SANS, CHAPPE (CHAUSSEE D",,,,180
200600023874,6,5,7,700,1,1,1,1,7,33,Lieu-dit TAILLAC,M,0.0,0.0,870
200600050937,6,9,20,1800,1,2,1,1,3,308,rue de la libération,M,0.0,0.0,350
200600026131,6,5,29,940,1,2,1,3,2,56,SIFFERT  AVENUE CHARLES,,,,250
200600057193,6,9,13,1930,5,2,2,1,3,1,REPUBLIQUE (AVE DE LA ),,,,930
200600062414,6,10,24,1500,1,1,1,2,6,9,"Sans objet, LABROUSSE RU",,,,590
200600052679,6,9,15,1215,1,1,1,2,3,267,,M,0.0,0.0,370
200600026531,6,5,16,1600,1,2,3,1,3,32,"NR, CLAPAREDE EMILE (AVE",,,,340
200600075836,6,12,1,1245,1,1,1,1,7,360,"0,  RN12",,,,220
200600056282,6,9,15,1600,1,2,1,2,7,17,BPI CLICHY ST OUEN,,,,750
200600037866,6,7,27,1715,1,2,1,1,3,343,"29, DIJON (RUE DE)",,,,100
200600026585,6,5,27,1250,1,2,2,1,3,172,"pas de N°, AEROPORT INTE",,,,340
200600082910,6,10,9,1730,1,1,1,1,3,449,,R,0.0,0.0,974
200600072688,6,11,5,400,5,2,6,5,6,386,CD 153,M,0.0,0.0,910
200600013916,6,3,24,1300,1,2,2,2,3,12,PL DE LA NATION R FG SAI,,,,750
200600016737,6,3,20,1600,1,2,1,1,6,252,,M,4817800.0,225300.0,450
200600016872,6,3,26,245,3,1,1,1,2,233,A41N PK 114+800,M,0.0,0.0,740
200600023144,6,4,27,1615,1,1,1,1,3,271,RN346,,,,690
200600073443,6,12,6,1335,1,1,1,2,7,584,La Ruaudière,M,0.0,0.0,140
200600079428,6,12,15,740,5,2,1,5,6,71,SURIEGES (ALLEE DE),,,,930
200600023382,6,5,1,1525,1,1,1,2,1,216,CD107,M,0.0,0.0,800
200600057643,6,9,15,150,3,1,1,2,7,175,RN104,,,,770
200600052651,6,9,29,1415,1,1,1,1,7,130,,M,4321100.0,605100.0,830
200600078066,6,12,22,2050,5,2,1,1,4,13,BPE ITALIE IVRY,,,,750
200600005443,6,1,24,1445,1,1,1,1,3,255,,M,0.0,0.0,890
200600012605,6,3,11,1420,1,2,2,1,3,1,GUE (RUE AUGUSTE),,,,470
200600040486,6,7,3,930,1,2,1,1,4,19,BPE VILLETTE AUVERVILLIE,,,,750
200600074022,6,12,11,1000,1,2,1,1,6,129,Route de ST APPOLINARD,M,4536500.0,468300.0,420
200600064912,6,10,4,2235,5,2,3,1,3,4,TERRASSE (R DE LA),,,,940
200600030966,6,6,28,1515,1,2,1,1,6,322,AVENUE DES PLATANES,M,0.0,0.0,70
200600022655,6,4,22,1800,1,2,1,1,3,76,"90, CHEVILLY (R DE)",,,,940
200600032383,6,6,2,1345,1,2,2,1,3,27,"., NICE AVENUE DE (RN7)",,,,60
200600038809,6,7,15,110,5,2,2,1,6,261,VERDUN (CARREFOUR DE),,,,370
200600040334,6,7,14,1942,1,2,2,1,3,10,R ALEXANDRE PARODI R FG,,,,750
200600053658,6,9,28,1650,1,2,1,1,3,55,"177, SAINTE MARTHE (CHEM",,,,130
200600011907,6,3,30,1210,1,2,1,2,6,31,"00, MONTBELIARD (RUE DE)",,,,250
200600009204,6,2,25,1910,2,2,1,1,3,31,"0.001, TURIN (AVENUE DE)",,,,730
200600022750,6,4,26,1910,1,2,5,1,7,18,ARC (BOULEVARD JEANNE D',,,,950
200600028727,6,5,23,1755,1,2,1,1,3,7,PIERRE SEMARD (avenue),,,,840
200600071491,6,11,27,1715,2,1,1,1,1,464,,M,4900200.0,-137500.0,500
200600038371,6,7,21,2010,1,2,3,1,6,56,"25, STRASBOURG QUAI DE",,,,250
200600024458,6,5,12,2245,3,1,1,1,5,281,,M,0.0,0.0,710
200600054380,6,9,9,1710,1,2,2,1,3,238,"00, CHATEAU (AVENUE FRAN",,,,350
200600011840,6,3,25,1037,1,2,2,1,3,231,EUGENE GUILLAUME (RUE),,,,210
200600048825,6,8,9,950,1,2,3,1,3,445,"1, SARAGOSSE DE",,,,640
200600073877,6,12,11,1750,3,1,1,1,6,38,PK 5,M,0.0,0.0,820
200600010056,6,2,28,845,1,2,1,1,2,7,TRILLADE (avenue de la ),,,,840
200600031700,6,6,13,1750,1,1,1,1,6,214,D15  lieu dit St PREMIAN,M,0.0,0.0,340
200600013460,6,3,8,1540,1,2,3,1,3,12,AV EMILE LAURENT BD SOUL,,,,750
200600023801,6,5,23,1015,1,1,1,1,3,454,,M,0.0,0.0,640
200600007159,6,2,2,830,1,1,1,5,6,44,,M,4805800.0,201100.0,450
200600005995,6,1,22,1430,1,1,1,1,6,56,,M,0.0,0.0,720
200600080253,6,12,11,1605,1,1,1,1,3,211,A50-Sens Aubagne vers Ma,,,,130
200600058965,6,10,22,1115,1,2,1,1,6,243,,M,0.0,0.0,690
200600050857,6,9,30,415,3,1,1,1,7,220,,M,0.0,0.0,760
200600041813,6,7,3,1330,1,1,1,1,3,424,AUTOROUTE A15,,,,950
200600074783,6,12,25,1010,1,2,1,1,6,104,3 route de Tours - CD 85,M,0.0,0.0,370
200600008108,6,2,14,1520,1,2,2,1,5,7,FAUBOURG DU SOLEIL (RUE,,,,300
200600060718,6,10,5,100,5,2,3,1,3,55,MICHELET (BOULEVARD),,,,130
200600050899,6,9,25,1145,1,1,1,1,6,251,,M,0.0,0.0,270
200600082887,6,10,14,1100,1,1,1,1,3,305,,G,0.0,0.0,973
200600035617,6,6,29,1425,1,2,1,1,7,16,20 AV FOCH,,,,750
200600076988,6,12,26,1450,1,2,1,1,6,395,"262, ARC (RUE JEANNE D'",,,,540
200600050351,6,8,14,610,2,1,1,8,2,64,AUTOROUTE A86,,,,930
200600076857,6,12,29,1007,1,2,1,1,7,7,"0, BARANGE BOULEVARD",,,,490
200600049937,6,8,22,1040,1,2,7,1,3,40,STALINGRAD (QUAI DE),,,,920
200600036553,6,6,23,755,1,2,2,1,6,1,"54, PRESLES (RUE DE)",,,,930
200600047006,6,8,22,1625,1,2,2,1,3,53,"sans, CHAMP DE MARS (ALL",,,,10
200600032115,6,6,29,1745,1,1,1,1,6,242,,M,0.0,0.0,550
200600066891,6,11,24,840,1,1,1,8,2,555,VA007500 CROIX DAURADE A,,,,310
200600065776,6,11,27,2315,4,2,2,1,3,722,"sans, ARQUEBUSE ( RUE DE",,,,20
200600040018,6,7,3,915,1,2,2,1,3,14,R D ALESIA R DE BIGORRE,,,,750
200600029322,6,5,17,1845,1,2,1,1,6,17,"77, GALLIENI (QU)",,,,940
200600045760,6,8,7,1845,2,1,2,1,3,10,,M,4527400.0,486200.0,260
200600045758,6,8,10,645,2,2,1,1,1,311,quartier les mairies,M,0.0,0.0,260
200600073749,6,12,6,1200,1,1,1,8,1,166,,M,4611200.0,-88400.0,170
200600048494,6,8,19,650,2,2,1,1,7,121,"0, RN 465 (DESSERTE PORT",,,,560
200600047743,6,8,12,730,1,2,6,1,2,562,BLANCHARDS (BOULEVARD DE,,,,270
200600053300,6,9,11,2315,5,2,1,1,6,88,"16, BRAILLE (BD LOUIS)",,,,60
200600016523,6,3,7,1720,1,1,1,1,1,106,CD 43 PK 15.5,M,0.0,0.0,830
200600077447,6,12,10,1955,5,2,1,1,3,445,"109, JEAN MERMOZ",,,,640
200600029227,6,5,24,1050,1,2,1,3,6,55,JEAN LOLIVE (AVENUE)(137,,,,930
200600048626,6,8,20,1500,1,2,1,1,3,507,"46, LIBERATION AVENUE DE",,,,590
200600023925,6,5,31,1245,1,1,1,1,1,15,La bernière,M,0.0,0.0,90
200600070652,6,11,13,2230,3,1,1,1,6,294,A104,,,,770
200600062430,6,10,8,1344,1,2,2,1,3,512,GAMBETTA ( BOULEVARD),,,,590
200600026668,6,5,12,1535,1,2,2,1,3,261,"48, THIERS (BOULEVARD)",,,,370
200600055523,6,9,27,1340,1,2,1,1,3,224,"96, ILLZACH (RUE D')",,,,680
200600000352,6,1,5,1415,1,2,1,2,6,55,"217, CHAVE (BOULEVARD)",,,,130
200600032366,6,6,12,1550,1,2,1,1,5,4,"0, VAUTRIN BD DU GENERAL",,,,60
200600028200,6,5,23,2220,5,2,3,1,2,19,AV JEAN JAURES R SENTE D,,,,750
200600016436,6,3,7,1215,1,1,1,1,5,519,Rue de MONTBELIARD,M,0.0,0.0,250
200600058203,6,10,26,1500,1,2,1,1,3,92,des rue CROMBE et ALLARD,M,0.0,0.0,590
200600040990,6,7,11,1830,1,2,1,1,2,194,SABLES (RUE DES),,,,850
200600014365,6,3,26,1420,1,2,3,1,3,85,"12, PARBELLE (PLACE PAUL",,,,870
200600005861,6,1,16,1640,1,1,1,1,2,203,"A.10, PK 111+420, sens 2",M,0.0,0.0,450
200600071267,6,11,26,2015,3,1,1,1,3,439,CD 512,M,0.0,0.0,600
200600080897,6,3,9,1430,1,1,1,1,1,423,RN1 - GRANDE RAVINE,R,0.0,0.0,974
200600003309,6,1,4,1950,3,2,1,1,6,692,"Bât C, MORVAN (RUE DU)",,,,910
200600063313,6,10,5,1525,1,2,1,1,3,10,228 R LA FAYETTE,,,,750
200600076411,6,12,5,820,1,2,2,3,3,238,"00, COMBES (BD EMILE)",,,,350
200600002876,6,1,16,1745,3,1,1,1,3,131,REBAIS (AVENUE DE),,,,770
200600050166,6,8,7,740,1,2,1,1,7,22,AUGUSTE BLANQUI (R),,,,940
200600048468,6,8,18,1525,1,2,1,1,3,29,"59, BRADFER ( RUE ERNEST",,,,550
200600040663,6,7,25,2215,2,2,3,1,3,498,"1, JACQUARD. RUE",,,,760
200600070919,6,11,11,1050,1,1,1,2,6,350,ROUTE NATIONALE 351,,,,590
200600032614,6,6,23,1755,1,2,1,1,6,88,"12, MACCARIO (R. MAURICE",,,,60
200600004879,6,1,14,1515,1,1,1,1,6,258,Lieu dit Le Chamoulard,M,0.0,0.0,160
200600054940,6,9,14,1515,1,2,2,1,3,98,"00, FERRY (RUE JULES )",,,,560
200600003936,6,1,29,1425,1,2,3,1,3,306,"0, CONFLANS (ROUTE DE)",,,,950
200600016308,6,3,2,1645,1,2,1,1,6,63,faubourg des vosges,M,4781500.0,717200.0,680
200600080872,6,3,13,930,1,1,1,1,7,305,,G,0.0,0.0,973
200600073289,6,12,2,300,3,2,1,1,6,112,rue Sainte Anne,M,4883400.0,91500.0,270
200600065576,6,10,31,2135,5,2,1,1,6,383,LAFAYETTE,,,,690
200600012163,6,3,19,1830,1,2,1,8,2,557,"0, DOUMERGUE (RUE GASTON",,,,310
200600042990,6,7,17,1700,1,2,1,1,5,281,rue des Gavarrauds,M,0.0,0.0,160
200600011501,6,3,11,1920,5,2,6,1,2,55,SALVADOR ALLENDE (RUE),,,,130
200600078168,6,12,30,1,5,2,2,1,6,10,BD DE LA CHAPELLE R LOUI,,,,750
200600002189,6,1,20,1825,5,2,1,2,4,181,ESTIENNE D'ORVES (BD D'),,,,720
200600011114,6,3,18,145,5,2,1,1,7,344,BRESSE (AVENUE DE),,,,10
200600022499,6,4,25,1945,1,2,1,1,6,6,"96, GALLIENI  AV.",,,,930
200600001247,6,1,25,810,1,2,9,1,6,516,"0, CHANTOURNE (BOULEVARD",,,,380
200600028423,6,5,13,1030,1,2,1,1,2,484,"1, GAULLE. AVENUE DU GEN",,,,760
200600079496,6,12,13,1410,1,2,1,1,4,28,"40, VERDUN.(AVENUE DE)",,,,940
200600036400,6,6,3,1040,1,2,1,1,3,24,"22, HENRI BARBUSSE (RUE)",,,,920
200600080963,6,3,7,620,1,2,1,1,3,209,"142, RELIGIEUSES (ROUTE",,,,972
200600033018,6,6,26,2215,3,1,1,1,6,103,AVENUE MOULIN -JEAN- RN,M,,,130
200600008518,6,2,7,1030,1,2,1,1,3,157,"19, DURAND (AV. DU DOCTE",,,,430
200600002055,6,1,27,740,5,2,1,2,3,136,PENETRANTE NORD,,,,660
200600074516,6,12,3,930,1,1,1,1,1,122,,M,4410700.0,492900.0,840
200600032417,6,6,3,427,5,2,1,1,7,29,"00, JUIN (AVENUE MARECHA",,,,60
200600083376,6,11,18,1505,1,2,1,1,1,411,MONTAUBAN (CHEMIN DE),,,,974
200600045430,6,8,11,45,3,1,1,1,1,216,,M,0.0,0.0,640
200600039136,6,7,31,1630,1,2,1,1,1,416,"46, ALLMENDINGEN (AVENUE",,,,500
200600043588,6,7,17,1600,1,1,1,1,3,214,RD 50 A,M,0.0,0.0,540
200600006007,6,1,11,1215,1,2,1,5,1,70,"-dit ""La Croix Moriceau""",M,0.0,0.0,440
200600008261,6,2,11,1610,1,2,3,1,2,63,BD DU PRESIDENT WILSON,,,,330
200600036877,6,6,13,745,1,2,1,1,5,76,PARIS (AV DE),,,,940
200600052119,6,9,9,130,3,1,1,1,7,120,"lieu dit ""villefroide""",M,0.0,0.0,890
200600067678,6,11,15,1645,1,2,3,1,6,395,"10, ALBERT 1ER  (BD)",,,,540
200600007927,6,2,8,1905,5,2,1,2,6,28,"03, GRASSET   AVENUE EDM",,,,170
200600076700,6,12,21,1801,5,2,3,1,3,109,"., CHAUSSEE DE LA MADELE",,,,440
200600024992,6,5,12,1420,1,1,1,1,6,682,s Paris Rouen PK 107+580,M,0.0,0.0,760
200600038364,6,7,10,755,1,2,1,1,4,56,TARRAGNOZ FAUBOURG,,,,250
200600036744,6,6,13,1230,1,2,1,1,6,39,"3 BIS, JAURES JEAN (AVEN",,,,930
200600063432,6,10,16,1030,1,2,1,1,2,14,108 BD JOURDAN,,,,750
200600059540,6,10,15,1500,1,1,1,1,6,4,,M,4365100.0,466300.0,130
200600034266,6,6,13,2125,4,2,4,1,6,260,"., CAPUCINS(RUELLE DES)",,,,560
200600043793,6,7,23,1330,1,1,1,1,1,569,,M,4701100.0,471000.0,210
200600037984,6,7,4,2320,5,2,1,1,6,55,"104, ROSE (AVENUE DE LA)",,,,130
200600068283,6,11,10,1835,5,2,1,1,3,482,"00, FORET NOIRE (AVENUE",,,,670
200600030623,6,6,22,801,1,1,9,1,2,207,PONT BOURG GROLEJAC,M,0.0,0.0,240
200600004511,6,1,31,845,1,1,1,9,7,166,,M,4945000.0,279000.0,600
200600077730,6,12,10,1640,5,2,2,1,3,5,R DES BERNARDINS R MONGE,,,,750
200600042296,6,7,13,1240,1,1,1,1,7,315,RN 49,M,0.0,0.0,590
200600058938,6,10,19,1145,1,2,3,1,3,273,rue du champ blanc,M,0.0,0.0,690
200600042107,6,7,12,1505,1,1,1,1,6,81,A6,,,,690
200600067281,6,11,28,910,1,2,1,1,6,185,"66, FOCH (BOULEVARD MAL.",,,,380
200600049266,6,8,19,2130,1,2,2,2,3,17,R DES BATIGNOLLES R LA C,,,,750
200600002624,6,1,10,441,5,2,1,1,6,12,L11868 RTE DE LA FERME,,,,750
200600019847,6,4,28,1555,1,2,1,1,3,189,KENNEDY (AVENUE),,,,300
200600031468,6,6,29,2140,2,1,1,1,7,348,"pelle hameau ""vauguilin""",M,0.0,0.0,890
200600065133,6,10,29,2210,5,2,3,1,7,18,ALLEMANE (BOULEVARD JEAN,,,,950
200600049206,6,8,4,1915,1,2,1,1,4,13,BPE ITALIE IVRY,,,,750
200600020717,6,4,6,1935,1,2,1,1,1,650,MOUSCRON (RUE DE),,,,590
200600002754,6,1,31,1145,1,2,3,1,3,17,AV CARNOT PL CH  DE GAUL,,,,750
200600027380,6,5,23,1807,1,2,3,1,3,498,"sans, LOOS (VOIRIE COMMU",,,,620
200600067654,6,11,12,250,3,2,1,2,7,382,"45, LONGWY (ROUTE DE)",,,,540
200600060622,6,10,2,1900,1,2,1,1,6,55,"136, ROMAIN ROLLAND (BOU",,,,130
200600027903,6,5,9,1817,1,2,1,2,6,11,152 R OBERKAMPF,,,,750
200600038874,6,7,6,2100,1,1,6,1,3,18,NAU (RUE ROBERT),,,,410
200600004574,6,1,26,945,1,1,1,9,6,27,,M,,,350
200600078669,6,12,5,2105,5,2,2,2,1,586,CONVENTION N° IMPAIR,,,,780
200600014297,6,3,28,1545,1,1,1,1,7,35,"000, LAGNES-RD24 (ROUTE",,,,840
200600050178,6,8,11,1715,1,2,1,1,6,28,C.C.R CRETEIL SOLEIL,,,,940
200600003310,6,1,14,1600,1,1,6,1,3,645,VOIE DE LA VALLEE,,,,910
200600038632,6,7,13,745,1,2,1,1,3,63,"16-20, CRS DE LA MARNE",,,,330
200600009129,6,2,7,1405,1,2,3,8,6,34,GEORGES CLEMENCEAU,,,,690
200600080282,6,2,10,645,5,2,6,1,6,27,PL DU 8 MAI 1945 /JEAN99,,,,930
200600051235,6,9,19,1230,1,1,1,1,1,487,,M,0.0,0.0,240
200600054065,6,9,23,1658,1,2,6,1,7,189,ALLENDE SALVADOR (RUE),,,,300
200600013843,6,3,29,1400,1,2,2,1,3,16,PL PORTE DE PASSY BD SUC,,,,750
200600056450,6,9,27,800,2,2,1,5,3,681,"1, SALVA. RUE LEON",,,,760
200600041155,6,7,17,1305,1,2,2,1,3,12,"1, GAMBETTA (RUE)",,,,920
200600066854,6,11,15,725,2,1,3,1,3,555,"999, VOIE DU TOEC",,,,310
200600065825,6,11,27,2015,5,2,1,1,3,4,"740, GREC AV.JULES",,,,60
200600048298,6,8,4,2010,1,2,2,1,7,184,"3, GAMBETTA (BOULEVARD L",,,,440
200600054084,6,9,28,649,2,2,1,1,1,69,"120, GRENADE (ROUTE DE)",,,,310
200600009684,6,2,21,700,2,2,1,2,6,12,CRS DES MARECHAUX,,,,750
200600035623,6,6,29,1630,1,2,2,1,3,17,PL GENERAL CATROUX BD MA,,,,750
200600022274,6,4,27,1305,1,1,1,1,6,4,"8, MAURICE BOKANOWSKI",,,,920
200600008365,6,2,14,850,1,2,1,1,3,172,"1146, SOULAS (AVENUE DU",,,,340
200600024662,6,5,18,1850,1,1,1,1,7,58,RN 110 PK 4.200,M,0.0,0.0,340
200600057566,6,9,15,1640,1,2,3,1,6,252,GENERAL LECLERC (RUE DU),,,,950
200600073875,6,12,3,745,2,1,1,1,6,161,,M,4406300.0,146700.0,820
200600073690,6,12,28,1700,1,1,1,1,1,312,,M,0.0,0.0,470
200600011271,6,3,5,1845,2,2,1,1,7,88,"0, TERRON (CH. DE)",,,,60
200600051141,6,9,22,1130,1,2,1,8,7,62,Face  Aire Gens  Voyage,M,4783200.0,-72300.0,530
200600069886,6,11,3,1210,1,1,1,1,7,421,NATIONALE 6 (CES POMPIDO,,,,910
200600062922,6,10,5,915,1,2,1,1,6,266,"147, COURS TOLSTOI",,,,690
200600075033,6,12,28,100,3,2,1,1,6,548,4627 ROUTE DE WALDAM,M,0.0,0.0,620
200600044166,6,7,18,1745,1,1,1,7,3,73,,M,4395900.0,455300.0,300
200600023948,6,5,21,2215,3,1,1,6,6,54,,M,0.0,0.0,120
200600036250,6,6,30,40,5,2,1,1,3,85,ORADOUR SUR GLANE (CARRE,,,,870
200600013568,6,3,1,905,1,2,1,1,2,20,BPE VINCENNES MONTREUIL,,,,750
200600066735,6,11,22,1230,1,2,1,2,1,151,LANNION (ROUTE DE),,,,290
200600072710,6,11,15,1830,3,1,1,1,1,177,,M,0.0,0.0,770
200600043529,6,7,20,1640,1,1,1,1,1,272,CD 32,M,0.0,0.0,30
200600046849,6,8,20,1845,1,1,1,1,5,1,,M,4352000.0,543200.0,130
200600062134,6,10,23,1640,1,1,1,1,4,172,NIEPCE (AVENUE NICEPHORE,,,,510
200600032095,6,6,27,1745,1,1,1,1,3,392,,M,0.0,0.0,280
200600002821,6,1,30,1350,1,2,2,1,3,259,BOUFFARD ( RUE THEAGENE),,,,760
200600075254,6,12,15,1245,1,2,2,1,1,88,COMBOUL (AV. RAYMOND),,,,60
200600068196,6,11,8,1554,1,2,1,1,3,445,"1, EMILE GARET",,,,640
200600013675,6,3,18,1210,1,2,3,1,6,15,R DU DEPART PL DU 18 JUI,,,,750
200600081213,6,3,15,2225,3,1,1,1,3,213,,,,,972
200600068958,6,11,21,2015,5,2,1,2,1,20,22 AV DU PROFESSEUR LEMI,,,,750
200600007731,6,2,5,520,5,2,2,1,6,55,FRANCOISE DUPARC (BOULEV,,,,130
200600025198,6,5,31,1430,1,2,1,1,3,53,DIMES ( RUE DES) N°,,,,10
200600046670,6,8,31,1720,1,2,1,1,1,6,80 rue Victor Hugo,M,4658700.0,151300.0,360
200600080045,6,12,23,1215,1,1,1,1,5,195,ROUTE NATIONALE 352,,,,590
200600063726,6,10,26,1,5,2,2,1,3,10,BD SAINT DENIS BD DE STR,,,,750
200600053161,6,9,24,920,1,2,1,1,6,4,ARDISSON BD,,,,60
200600017536,6,4,20,2045,1,1,1,1,1,325,"""Le bourdieu""",M,0.0,0.0,470
200600050649,6,8,11,1725,1,1,1,1,2,137,A57,,,,830
200600058684,6,10,30,2030,3,1,1,5,7,44,virage de Throuville,M,0.0,0.0,400
200600020883,6,4,5,1722,1,2,3,1,1,24,"10, DOUS BOS (RUE DE)",,,,640
200600009805,6,2,3,1420,1,2,1,8,3,284,VICTOIRE (AV.DE LA),,,,770
200600031297,6,6,3,1530,1,2,1,1,6,143,rue des noyers,M,0.0,0.0,670
200600010026,6,2,9,830,1,2,9,1,3,137,FOCH (AVE DU MARECHAL),,,,830
200600008257,6,2,2,1725,1,2,2,1,3,32,AVE FELIX CAILLEAU,,,,330
200600046115,6,8,30,1250,1,1,1,1,6,32,Autoroute A6 pk 94+100,M,0.0,0.0,450
200600045032,6,8,27,2100,1,1,1,1,6,236,le rozé,M,4767300.0,-205800.0,350
200600061512,6,10,17,1020,1,2,2,2,3,281,RUE GAY-LUSSAC,,,,330
200600068485,6,11,9,2220,5,2,2,1,6,20,R DEVERIA R PELLEPORT,,,,750
200600013866,6,3,4,1230,1,2,1,1,6,20,ECH BAGNOLET,,,,750
200600029366,6,5,27,1615,1,2,1,1,6,33,"0, EUGENE MARTIN (R)",,,,940
200600065039,6,10,10,220,5,2,2,5,3,46,"00, EUGENE RENAULT - CAR",,,,940
200600005634,6,1,20,2015,3,1,1,1,6,119,,M,4452000.0,391000.0,480
200600016230,6,3,29,1030,1,1,1,1,1,224,,M,4526000.0,421800.0,430
200600054448,6,9,9,1500,1,2,1,1,1,261,"8, MONNET (RUE JEAN)",,,,370
200600032502,6,6,3,1625,1,1,1,1,6,159,"0, BELLAVISTA (AVENUE)",,,,60
200600074909,6,12,25,1900,3,1,1,1,5,85,,M,0.0,0.0,60
200600070695,6,11,8,820,1,1,1,1,3,582,AUTOROUTE A15,,,,950
200600029139,6,5,11,1805,1,2,1,1,6,10,"02, BUISSON (AV. SUZANNE",,,,930
200600065400,6,10,1,1553,1,1,1,1,7,377,RN 444,,,,910
200600012065,6,3,3,1310,1,2,1,1,6,555,"104, AV DE LESPINET",,,,310
200600079124,6,12,8,1815,5,2,4,1,1,35,"80, République ( bouleva",,,,920
200600080866,6,3,20,1130,1,2,1,1,2,125,Route de LA COULEE,A,0.0,0.0,971
200600072126,6,11,14,1600,1,2,1,1,6,470,rue de LA PLANCHE,M,0.0,0.0,630
200600017234,6,4,23,2045,3,1,1,1,3,200,,M,4797100.0,-121300.0,350
200600030914,6,6,20,800,1,1,1,1,3,51,La Piasse,M,0.0,0.0,690
200600050677,6,8,31,1845,1,1,1,1,4,211,A50-Sens Aubagne vers Ma,,,,130
200600082192,6,7,21,2010,4,2,1,1,2,209,"0, BALATA (ROUTE DE)",,,,972
200600078310,6,12,5,2210,5,2,2,8,6,17,R GUERSANT BD PEREIRE,,,,750
200600003822,6,1,12,1155,1,2,1,1,1,41,"03, PIERRE ET MARIE CURI",,,,940
200600066362,6,11,21,1231,1,2,1,2,1,55,"77, FRANÇOISE DUPARC (BO",,,,130
200600017555,6,4,13,545,3,1,1,1,7,127,,M,4305600.0,-43100.0,640
200600061936,6,10,12,730,5,2,1,1,6,109,"NEANT, COURS OLIVIER DE",,,,440
200600079125,6,12,31,1640,1,2,2,1,3,35,"9 bis, Sartoris ( rue )",,,,920
200600031817,6,6,18,445,5,2,1,1,7,160,"61, rue de VERSAILLES",M,0.0,0.0,780
200600018961,6,4,8,945,1,2,2,1,1,4,GAROUPE BD DE LA,,,,60
200600058118,6,9,4,1400,1,1,1,1,6,19,A51-Sens Marseille vers,,,,130
200600020508,6,4,9,940,1,2,2,1,3,454,WILSON (BOULEVARD DU PRE,,,,510
200600041726,6,7,4,845,1,1,1,1,3,527,M12 - RTE DU NOYER - VOI,,,,950
200600071563,6,11,7,915,1,1,1,1,3,258,RN249,M,0.0,0.0,490
200600008791,6,2,14,2130,5,2,1,8,6,8,"149, DELESTRAINT (RUE DU",,,,590
200600013297,6,3,7,1320,1,2,4,1,6,3,R DE TURBIGO R DU VERTBO,,,,750
200600025324,6,5,17,1935,1,2,6,1,3,29,"00, JUIN (AVENUE MARECHA",,,,60
200600038669,6,7,27,2035,1,2,6,1,5,318,AVE ROGER CHAUMET,,,,330
200600005070,6,1,10,1900,5,2,1,1,1,158,rue Pierre Malfant,M,4616800.0,590300.0,10
200600003435,6,1,6,1700,1,2,1,1,6,20,"44, BERTHELOT AVENUE MAR",,,,920
200600036299,6,6,21,1140,1,2,1,1,6,182,"19, BRASSENS (RUE GEORGE",,,,910
200600053706,6,9,17,1835,1,2,2,1,3,56,ELUARD BOULEVARD PAUL,,,,130
200600052506,6,9,20,830,1,2,1,5,5,25,,M,4816600.0,206600.0,450
200600021404,6,4,13,855,1,2,3,1,3,18,R DE L EVANGILE R MOUSSO,,,,750
200600018975,6,4,28,2145,5,2,3,1,3,4,"26, ROCHAT AV.PHILIPPE",,,,60
200600001326,6,1,11,930,1,2,3,1,1,218,PALLE (DE LA) A PARTIR N,,,,420
200600000420,6,1,27,2220,5,2,1,2,1,55,"14, MORETTI (BOULEVARD)",,,,130
200600006668,6,2,21,1900,3,1,1,1,1,120,Lieu dit les Olmes,M,0.0,0.0,420
200600060265,6,10,27,1800,1,2,1,1,4,4,GRASSE RTE DE,,,,60
200600031784,6,6,3,1145,1,1,1,1,3,17,,M,0.0,0.0,201
200600039088,6,7,17,1213,1,2,2,1,3,7,"17, LETANDUERE",,,,490
200600009141,6,2,5,1225,1,2,1,8,6,266,PONT DE CUSSET,,,,690
200600067242,6,11,4,510,5,2,2,1,3,185,"00, PAIN (BOULEVARD)",,,,380
200600079267,6,12,2,2115,5,2,1,2,3,5,MITRY [CD115] (RUE DE),,,,930
200600028779,6,5,22,735,1,2,1,1,6,194,"180, LIBERATION (AVENUE",,,,860
200600007752,6,2,8,1350,1,2,1,1,6,55,"151, LUMINY (AVENUE DE)",,,,130
200600060428,6,10,17,1550,1,2,1,1,6,88,"72, GRENOBLE (ROUTE DE)",,,,60
200600016031,6,3,20,1815,1,2,1,1,2,112,10 nouvelle route,M,0.0,0.0,690
200600006432,6,2,14,1850,3,1,1,1,7,111,"lieu-dit ""Les Justices""",M,0.0,0.0,860
200600080794,6,2,28,725,1,2,1,1,6,411,"25, PALMIERS (ROUTE DES)",,,,974
200600046299,6,8,25,1710,1,2,1,1,3,133,Chantemerle,M,0.0,0.0,50
200600012752,6,3,30,1820,1,2,9,2,6,528,"75, ALBERT DENIS",,,,540
200600002450,6,1,14,1045,1,2,3,1,2,17,AV GOURGAUD PL PAUL LEAU,,,,750
200600050241,6,8,10,805,1,2,6,1,3,18,COMMUNE DE PARIS (PLACE,,,,950
200600049101,6,8,7,1700,1,2,2,3,3,16,ALL DE  LONGCHAMP RTE  D,,,,750
200600047694,6,8,8,1746,1,2,1,1,4,56,"SANS, MICHEL  AVENUE LOU",,,,250
200600037169,6,6,18,630,2,1,1,1,7,13,AUTOROUTE A1,,,,930
200600056458,6,9,19,1155,1,2,1,2,3,108,"35, MEUNIER (RUE AUGUSTE",,,,770
200600021772,6,4,16,430,5,2,1,2,6,561,"124 Bis, FRENEUSE. RUE D",,,,760
200600074782,6,12,19,1915,3,1,1,1,7,104,,M,0.0,0.0,370
200600028178,6,5,22,2030,1,2,2,1,6,17,PL GENERAL CATROUX BD MA,,,,750
200600012201,6,3,7,810,1,2,3,1,3,63,RUE COIFFARD CAUD,,,,330
200600064727,6,10,8,255,5,2,2,1,3,29,"1, ALSACE LORRAINE",,,,930
200600057658,6,9,25,700,2,1,1,8,5,363,A104,,,,770
200600065015,6,10,21,2045,5,2,1,1,3,73,RENE PANHARD (AV),,,,940
200600052846,6,9,15,2215,3,1,1,8,1,30,,M,0.0,0.0,250
200600040305,6,7,23,645,1,2,1,1,6,4,16 Q DE GEVRES,,,,750
200600060275,6,10,13,1330,1,2,1,1,4,27,"71, ALPES AVENUE DES",,,,60
200600045661,6,8,7,230,3,1,1,1,1,186,"""Le Sirat""",M,0.0,0.0,820
200600008226,6,2,27,1815,1,2,1,1,7,555,"0, RUE DE REMUSAT",,,,310
200600041345,6,7,19,2340,2,2,5,1,6,27,", PASTEUR (BOULEVARD) DE",,,,930
200600025443,6,5,12,2250,5,2,1,1,3,88,ANGLAIS PLAGE (DU 114/26,,,,60
200600028840,6,5,24,1855,1,1,3,1,3,24,"00, VALLAN (ROUTE DE) N°",,,,890
200600019731,6,4,22,1125,1,2,1,1,2,375,"0, PARIS (ROUTE DE)",,,,270
200600055593,6,9,5,1530,1,2,1,1,6,306,"9, REPUBLIQUE (RUE DE LA",,,,710
200600079087,6,12,5,1825,2,2,3,2,1,23,"., STENDHAL (AVENUE)",,,,920
200600076713,6,12,8,1600,1,2,1,1,7,184,"9, RÉPUBLIQUE (AVENUE DE",,,,440
200600022398,6,4,19,950,1,2,1,1,2,64,"8, MONT VALERIEN",,,,920
200600033061,6,6,20,1310,1,2,2,1,3,299,"172990184, HEBERT RUE GE",,,,170
200600007626,6,2,28,1715,1,2,1,1,6,88,"46, MONTEL (BD PAUL)",,,,60
200600034468,6,6,6,2040,1,2,3,1,3,352,QUESNOY (RUE),,,,590
200600043869,6,7,7,1815,1,1,1,1,3,93,,M,0.0,0.0,890
200600007516,6,2,1,1320,1,2,1,1,3,159,"25, PRINCESSE GRACE DE M",,,,60
200600047905,6,8,30,1650,1,2,3,1,1,555,"999, BD DE STRASBOURG",,,,310
200600049662,6,8,30,1133,1,1,1,1,1,121,"0, NORD ( route du )",,,,820
200600063743,6,10,28,2250,5,2,4,1,3,5,R BUFFON BD DE L HOPITAL,,,,750
200600076402,6,12,31,1630,1,2,1,1,6,301,"aucun, HUGO VICTOR (AVEN",,,,340
200600063006,6,10,30,1435,1,2,2,1,3,181,FLORE (RUE DE) N° IMP 1,,,,720
200600050880,6,9,13,1015,1,2,1,1,6,82,place lorraine,M,4899500.0,104000.0,270
200600051980,6,9,9,2045,5,2,1,1,1,337,CD14B - rue principale,M,4767600.0,709200.0,680
200600036002,6,6,1,1145,1,2,1,1,6,21,"111, GENERAL FOY (AVENUE",,,,800
200600078666,6,12,20,1810,5,2,1,1,6,551,"5 ter, GAMBETTA (AVENUE)",,,,780
200600065965,6,11,15,910,1,2,3,1,3,88,"0, ANGLAIS PLAGE (N°1 AU",,,,60
200600003279,6,1,15,1600,1,1,1,1,3,433,R.N. 20,,,,910
200600031663,6,6,30,1350,1,1,1,1,6,129,La Marquette,M,0.0,0.0,840
200600065747,6,10,30,1900,5,1,1,1,6,211,A50-Sens Aubagne vers Ma,,,,130
200600064658,6,10,28,1630,1,2,2,1,5,75,MARCEL MARTINIE (AVENUE),,,,920
200600038771,6,7,20,1735,1,2,1,1,7,238,"00, SAINT-BRIEUC (DE)",,,,350
200600022309,6,4,6,1305,1,2,2,1,1,23,CHATILLON (RUE DE),,,,920
200600047268,6,8,28,1200,1,2,1,1,6,88,"0, BESSET (AV.) (A PARTI",,,,60
200600052771,6,9,8,1130,1,1,1,1,6,140,,M,0.0,0.0,10
200600016702,6,3,23,1915,2,2,1,1,3,370,Jean Jaurès et rue Rémé,M,0.0,0.0,950
200600029065,6,5,9,1900,1,2,1,2,4,33,"102, RAYMOND POINCARE",,,,920
200600033238,6,6,20,1210,1,2,1,1,3,56,"SANS, MICHEL  AVENUE LOU",,,,250
200600022279,6,4,18,1815,1,2,3,1,3,7,"185, RAVERA (AVENUE HENR",,,,920
200600000424,6,1,27,910,1,2,1,3,6,2,QUATRE SAISONS (ROUTE DE,,,,130
200600035684,6,6,13,1400,1,2,1,1,2,16,BPE MUETTE PASSY,,,,750
200600030370,6,6,9,915,1,1,1,1,1,512,le hamel,M,0.0,0.0,610
200600027539,6,5,5,1615,1,2,1,1,3,482,MACON (RUE DE),,,,670
200600032716,6,6,21,900,1,2,6,1,2,47,", FELIX GOUIN AVENUE",,,,130
200600057460,6,9,26,1540,1,2,3,1,3,76,"1, MAXIME GORKI (BD)",,,,940
200600060269,6,10,3,945,1,2,1,1,2,27,CANNES AVENUE DE (RN7),,,,60
200600079783,6,12,7,845,1,1,1,3,4,252,AUTOROUTE A15,,,,950
200600006145,6,2,13,1830,5,2,1,1,1,302,Rue Jean PREVOST,M,0.0,0.0,760
200600001390,6,1,25,832,1,2,1,1,4,109,"., ROUTE DE SAINTE LUCE",,,,440
200600052282,6,9,3,250,1,2,1,1,1,70,des commandos d'Afrique,M,0.0,0.0,830
200600051284,6,9,19,900,1,2,1,1,6,157,rue de la république,M,4450200.0,16700.0,470
200600022267,6,4,9,2115,5,2,3,1,2,9,"145, ARGENTEUIL AV D'",,,,920
200600055588,6,9,13,830,1,1,1,1,6,105,"nr1, TOURNONS (CHEMIN DE",,,,710
200600075815,6,12,19,945,1,2,1,1,3,231,"3, FAUBOURG RAINES (DU)",,,,210
200600060548,6,10,6,1320,1,1,1,1,6,1,PRESIDENTE (CH DE LA),,,,130
200600016756,6,3,9,1630,1,2,9,8,6,191,RUE DE LA BARRE,M,0.0,0.0,280
200600000492,6,1,17,901,1,2,1,2,2,55,FRAIS VALLON (AVENUE),,,,130
200600037144,6,6,9,915,1,1,1,1,2,78,AUTOROUTE A104,,,,930
200600046370,6,8,17,1330,1,1,1,1,5,115,COL DU GRATTELOUP,M,0.0,0.0,830
200600077428,6,12,9,2130,5,2,1,2,7,125,BAYONNE (AVENUE DE),,,,640
200600066726,6,11,20,1135,1,2,1,3,6,39,"5, DIX NEUF NOVEMBRE (RU",,,,290
200600050204,6,8,3,1720,1,2,1,1,6,65,RN 186,,,,940
200600063260,6,10,8,839,1,2,1,1,3,11,150 R FG SAINT ANTOINE,,,,750
200600007721,6,2,18,800,1,2,3,1,1,55,NATIONAL (BOULEVARD),,,,130
200600032933,6,6,30,1031,1,2,1,1,6,55,"02, SEBASTOPOL (PLACE)",,,,130
200600034757,6,6,15,2155,5,2,2,1,2,482,PASTEUR (QUAI LOUIS),,,,670
200600004789,6,1,15,1700,1,1,1,1,6,205,Le Stade,M,0.0,0.0,330
200600042034,6,7,2,600,2,1,1,1,6,192,AUTOROUTE A 63,,,,330
200600062432,6,10,4,1745,1,1,1,1,3,339,CD 700,,,,590
200600007322,6,2,3,1345,1,1,1,1,1,614,,M,4916400.0,420300.0,510
200600065762,6,11,6,1330,1,2,1,1,7,408,"25, BOURDAN (RUE PIERRE)",,,,20
200600038283,6,7,3,1550,1,2,6,1,2,231,CRACOVIE (DE) (RUE),,,,210
200600048338,6,8,31,715,2,2,1,1,1,234,ZAY (AVENUE JEAN ZAY),,,,450
200600075778,6,12,22,1215,1,2,1,1,6,279,ABATTOIR (RUE DE L'),,,,180
200600049436,6,8,16,1745,1,2,1,1,3,19,BPI VILLETTE  PANTIN,,,,750
200600040231,6,7,15,120,5,2,2,1,6,15,Q ANDRE CITROEN BD GL MA,,,,750
200600038539,6,7,7,2115,5,2,1,1,2,555,"999, AV DU GENERAL EISEN",,,,310
200600077391,6,12,20,800,1,2,1,1,1,113,"117, CARTOUCHERIE (RUE D",,,,630
200600049926,6,8,29,2020,1,2,1,2,3,26,MARECHAL JOFFRE (QUAI DU,,,,920
200600045893,6,8,26,1145,1,1,1,1,1,469,,M,4578500.0,363900.0,630
200600047594,6,8,14,1720,1,2,1,1,6,300,"167, SAUTEL  BOULEVARD A",,,,170
200600047922,6,8,4,1400,1,2,3,1,6,63,CRS VICTOR HUGO,,,,330
200600069143,6,11,28,1317,1,2,1,1,6,13,30 R AMIRAL MOUCHEZ,,,,750
200600014453,6,3,3,850,1,2,1,2,3,2,"142, LEON BLUM (AVENUE)",,,,920
200600051791,6,9,27,1800,1,2,3,1,3,214,rue du colonel Gaspard C,M,4568600.0,318800.0,630
200600072990,6,11,10,1830,3,1,1,1,6,101,,M,0.0,0.0,380
200600082500,6,8,20,350,5,2,1,1,3,302,TECLE (EUGENE) CITE THEM,,,,973
200600063130,6,10,12,30,5,2,1,1,6,18,72 R MARX DORMOY,,,,750
200600071091,6,11,24,905,1,1,1,1,2,290,RN346,,,,690
200600056344,6,9,23,1050,1,2,1,1,4,18,BPI ST OUEN CLIGNANCOURT,,,,750
200600005736,6,1,1,300,3,1,1,8,7,122,,M,4834500.0,150200.0,280
200600037255,6,6,13,455,3,1,1,1,6,19,RN 385 Extèrieure,,,,920
200600083790,6,10,15,1530,1,2,1,1,7,209,"28, ROCADE (RUE DE LA)",,,,972
200600034667,6,6,6,1300,1,1,1,1,1,445,"3, PAIX",,,,640
200600081293,6,4,30,1905,4,2,1,1,6,209,"110, ABBE LAVIGNE (AVENU",,,,972
200600018733,6,4,15,1800,1,1,1,1,1,651,,M,0.0,0.0,210
200600082350,6,8,21,1100,3,1,1,1,6,118,,A,0.0,0.0,971
200600062634,6,10,17,2355,5,2,2,1,3,113,"1, COTE BLATIN (BD)",,,,630
200600040710,6,7,28,645,1,1,1,1,7,294,RN 2,,,,770
200600010734,6,2,14,2255,5,1,1,1,7,18,AUTOROUTE A15,,,,950
200600001571,6,1,2,1415,1,2,2,1,3,395,"1, FOCH (AVENUE 2 A 16/1",,,,540
200600028258,6,5,15,1800,1,2,1,1,4,20,BPE BAGNOLET LILAS,,,,750
200600000379,6,1,14,1625,1,2,1,1,6,55,"49, VERNE (BOULEVARD)",,,,130
200600068265,6,11,10,1600,1,2,1,1,3,136,"6, XIRMENS (CHEMIN DEL)",,,,660
200600016300,6,3,16,1400,1,1,1,1,6,139,,M,4758300.0,721100.0,680
200600036320,6,6,11,1445,1,2,1,1,3,691,"14, MARCEAU BAILLIOTI(RU",,,,910
200600074663,6,12,18,1300,1,1,6,1,1,494,d point des CD 19 et 312,M,0.0,0.0,910
200600070811,6,11,2,1535,1,1,1,1,6,34,AUTOROUTE A6B,,,,940
200600029050,6,5,15,1530,1,2,2,1,6,62,"00, WALLACE (BD RICHARD)",,,,920
200600031381,6,6,17,2115,1,1,1,1,2,544,route de Melay,M,0.0,0.0,520
200600061934,6,10,10,1605,1,2,3,1,3,109,"00, BOULEVARD DES ANGLAI",,,,440
200600029090,6,5,24,815,1,2,2,1,6,46,PIERRE BROSSOLETTE,,,,920
200600059670,6,10,5,645,2,2,1,1,1,22,RN113,M,4366700.0,403100.0,340
200600029277,6,5,18,1,5,2,2,1,1,71,PEUPLIERS (ALLEE DES),,,,930
200600008876,6,2,13,800,2,2,2,3,3,163,FLANDRE (AVENUE DE),,,,590
200600039253,6,7,22,603,2,2,6,1,7,162,"00, DUPUY DE LOME (RUE)",,,,560
200600067099,6,11,9,1244,1,2,3,1,3,172,"16 BIS, ASSAS (AVENUE D'",,,,340
200600028502,6,5,24,545,2,2,1,1,1,92,RENNEQUIN SUALEM (QUAI),,,,780
200600011338,6,3,20,614,2,2,1,8,6,88,"93, MADELEINE (BD DE LA)",,,,60
200600004506,6,1,1,415,3,1,1,9,7,222,,M,0.0,0.0,600
200600065169,6,10,3,840,1,2,9,2,7,306,"0, PARIS (RUE DE)",,,,950
200600000314,6,1,25,1040,1,2,1,1,3,4,"166, STALINGRAD AVENUE D",,,,130
200600055887,6,9,11,1955,1,2,1,1,3,20,30 BD DE MENILMONTANT,,,,750
200600073027,6,11,25,545,3,1,1,1,6,118,"utoroute A 41, PK 40,200",M,0.0,0.0,730
200600050381,6,8,19,300,5,1,1,1,7,494,AUTOROUTE A1,,,,600
200600031694,6,6,28,800,1,2,1,1,7,183,CD 609,M,4329600.0,312000.0,340
200600040448,6,7,25,1140,1,2,3,1,7,7,R P BLEUET DE FRANCE AV,,,,750
200600014231,6,3,11,1530,1,2,2,1,7,129,ECOLES (BD DES),,,,830
200600056445,6,9,21,1950,1,2,1,1,5,575,CANADIENS. AVENUE DES,,,,760
200600064540,6,10,6,1800,1,2,3,2,3,26,"-, ABREUVOIR",,,,920
200600076578,6,12,2,1535,1,2,1,1,3,99,CD 25,,,,420
200600071361,6,11,7,2045,3,1,1,5,1,138,D 177,M,0.0,0.0,350
200600064710,6,10,15,2140,5,2,6,1,6,8,", PLACE SAINT JUSTE",,,,930
200600061253,6,10,14,1539,1,2,1,1,6,189,CASTORAMA,,,,300
200600067199,6,11,28,1410,1,2,1,1,7,238,"8, LEONARD (JACQUES)",,,,350
200600056707,6,9,6,1340,1,2,1,1,1,123,BANDOL (ROUTE)N° IMPAIRS,,,,830
200600080095,6,12,1,1735,1,1,1,1,4,63,ROCADE A 630,,,,330
200600017903,6,4,5,1630,1,1,1,2,1,228,,M,,,420
200600061829,6,10,27,1300,1,2,1,1,2,18,CHATEAUDUN (AVENUE DE),,,,410
200600079282,6,12,21,2250,5,2,1,1,2,7,ARMAND ESDERS (AVENUE),,,,930
200600050895,6,9,2,445,3,1,1,1,6,109,,M,0.0,0.0,270
200600068243,6,11,3,1955,5,2,2,1,3,440,"., ALSACE LORRAINE (AVEN",,,,650
200600031840,6,6,3,100,3,1,9,1,2,489,,M,0.0,0.0,950
200600050261,6,8,25,30,5,2,3,1,3,252,GENERAL LECLERC (RUE DU),,,,950
200600055528,6,9,21,835,1,2,3,1,2,224,COLMAR (AVENUE DE),,,,680
200600015348,6,3,2,1630,1,1,1,1,2,55,A7-Sens Lyon vers Marsei,,,,130
200600022303,6,4,7,1705,1,2,3,1,3,19,PLESSIS (AVENUE DU),,,,920
200600035636,6,6,17,1830,1,2,2,1,6,20,R DE BUZENVAL R GRANDS C,,,,750
200600032521,6,6,8,2050,5,2,2,1,3,88,"0, CRONSTADT (RUE)",,,,60
200600075986,6,12,9,1420,1,2,1,1,6,19,"., BACH JEAN SEBASTIEN",,,,290
200600067292,6,11,8,1400,1,1,1,1,3,279,TAMBOUR (RUE DU),,,,400
200600022577,6,4,24,1802,1,2,4,1,6,71,KILLIAN (ALLEE),,,,930
200600050093,6,8,8,1030,1,1,1,1,6,14,COUBRON (ALLEE DE),,,,930
200600047297,6,8,21,1710,1,2,1,7,6,207,ROUTE NATIONALE 20,,,,90
200600047642,6,8,12,930,1,2,7,1,6,231,"2, 1ERE ARMEE FRANCAISE",,,,210
200600067106,6,11,18,1935,5,2,1,1,7,172,EUROPE (AVENUE DE L'),,,,340
200600045743,6,8,26,145,3,1,1,1,7,121,,M,4454400.0,479600.0,260
200600077902,6,12,16,135,5,2,1,1,4,7,288 BD SAINT GERMAIN,,,,750
200600049055,6,8,2,1820,1,2,2,1,3,7,R  DUROC BD DES INVALIDE,,,,750
200600060112,6,10,22,130,3,1,1,2,7,244,RN 191,M,0.0,0.0,910
200600014305,6,3,17,1645,1,2,3,1,3,191,"0, CEVERT RUE FRANCOIS",,,,850
200600051601,6,9,5,1510,1,1,3,1,3,333,D1083 PK 11,M,0.0,0.0,10
200600064735,6,10,22,1230,1,2,1,1,6,29,"58, MARCEAU (AVENUE) N°",,,,930
200600069306,6,11,28,1230,1,2,1,1,6,268,BOIS DE LA GARENNE ( RUE,,,,770
200600036421,6,6,13,930,1,2,2,1,6,26,VERDUN (DE 62 A FIN),,,,920
200600042132,6,7,6,1140,1,2,9,8,6,389,SERGENT MICHEL BERTHET (,,,,690
200600063021,6,10,31,1710,2,2,1,1,6,93,ANJOT (AVENUE DU CAPITAI,,,,740
200600062776,6,10,28,1720,1,2,1,1,6,440,"1, DUPONT (RUE)",,,,650
200600009986,6,2,15,2045,5,2,3,1,3,61,"0, RN7",,,,830
200600078419,6,12,8,2040,5,2,2,2,3,14,R EMILE RICHARD R FROIDE,,,,750
200600008190,6,2,13,1730,1,2,1,1,6,555,"219, RTE DE SEYSSES",,,,310
200600029245,6,5,26,1140,1,2,1,1,7,77,"34, OUTREBON (AVENUE)",,,,930
200600072379,6,11,25,930,1,2,1,1,6,47,enue Ferdianand SARRIEN,M,0.0,0.0,710
200600011182,6,3,29,2000,2,2,1,1,1,123,GUEYEURS RUE DES,,,,60
200600079545,6,12,2,2145,5,2,1,2,1,38,PAUL HOCHART (R),,,,940
200600059898,6,10,4,1915,5,2,1,1,1,92,rue bel air,M,4836300.0,188400.0,280
200600029548,6,5,5,1715,1,2,1,1,3,4,"SANS, STILETTO LOT RTE M",,,,201
200600028277,6,5,25,1550,1,2,1,1,6,12,120 R DE LYON,,,,750
200600022329,6,4,21,2100,5,2,9,1,3,25,PAUL BERT (RUE),,,,920
200600062991,6,10,20,1600,1,2,1,1,3,181,GENESLAY FELIX (AV) N° I,,,,720
200600078565,6,12,27,1925,3,1,1,1,1,251,M1,,,,770
200600061686,6,10,10,1730,1,2,1,1,6,238,"00, SCHUMAN (BOULEVARD R",,,,350
200600078914,6,12,12,1710,1,2,1,2,6,85,"11, CLOUET (RUE)",,,,870
200600033731,6,6,20,1120,1,2,1,1,3,238,"000, PARKING CENTRE COMM",,,,350
200600055095,6,9,12,1835,1,2,1,1,6,386,"240, YPRES RUE D",,,,590
200600036217,6,6,11,525,5,2,1,1,6,85,"2, DUMONT (RUE HENRI)",,,,870
200600050663,6,8,7,630,1,1,1,1,6,26,A55-Sens Martigues vers,,,,130
200600080986,6,3,26,340,5,2,1,1,6,209,"67, MAURICE BISHOP (RUE)",,,,972
200600009591,6,2,17,325,5,2,1,8,7,12,54 CRS DE VINCENNES,,,,750
200600060850,6,10,27,1500,1,2,1,1,4,55,SAINT ANTOINE (CHEMIN DE,,,,130
200600044665,6,7,2,430,3,1,1,1,6,339,,M,0.0,0.0,380
200600012253,6,3,24,1750,1,2,2,1,3,69,BD PIERRE 1ER,,,,330
200600040445,6,7,24,1445,1,2,1,1,6,14,104 AV GENERAL LECLERC,,,,750
200600035923,6,6,26,2030,1,2,1,1,3,490,"2, SAINT JUST (ALLEE)",,,,780
200600042556,6,7,2,1840,1,2,1,2,2,46,is Pasteur et du pont Do,M,0.0,0.0,290
200600081866,6,6,8,2249,4,2,1,1,6,209,"9, FAISSAL VAINDUC (RUE)",,,,972
200600029557,6,5,16,1635,1,2,1,1,6,4,"sans, DIAMANT III RCE AV",,,,201
200600055286,6,9,20,1825,1,2,2,1,3,498,DEPORTES (R DES),,,,620
200600029294,6,5,26,1330,1,2,1,1,6,78,"62, SACHET (AVENUE GEORG",,,,930
200600020158,6,4,1,1625,1,2,1,1,6,238,"02, TRONJOLLY",,,,350
200600056638,6,9,14,1630,1,2,3,1,3,21,"0, SAINT HONORE (RUE)",,,,800
200600067775,6,11,13,1935,3,2,1,2,6,463,"67, XX EME CORPS AMERICA",,,,570
200600062617,6,10,12,1100,1,1,1,1,6,308,"0, CHARADE (CIRCUIT DE)",,,,630
200600070119,6,11,27,1450,1,2,1,1,2,73,"25, ROOSVELT (AVENUE FRA",,,,920
200600046732,6,8,13,500,3,1,1,1,6,92,,M,0.0,0.0,290
200600011853,6,3,19,1650,1,2,1,1,2,278,PARIS (DE),M,4847823.0,934567.0,220
200600013250,6,3,4,1020,1,2,1,4,6,181,DEMORIEUX PAIRS><ROCADE,,,,720
200600080971,6,3,14,900,1,2,1,1,2,209,"1, FRANCOIS MITTERAND (P",,,,972
200600008823,6,2,2,905,1,2,2,1,3,328,"170, HIPPODROME AV DE L",,,,590
200600015198,6,3,7,1200,1,2,1,1,6,382,GALLIENI,,,,690
200600083311,6,11,6,1733,1,1,1,1,6,302,COLLERY (ZONE INDUSTRIEL,,,,973
200600061059,6,10,7,1847,1,2,1,1,6,312,"00, LA RAMPINSOLE ( lieu",,,,240
200600023001,6,4,25,1603,1,1,1,1,2,37,"SANS, TOUTES RUES",,,,202
200600000324,6,1,16,1755,5,2,1,2,6,63,ARISTIDE BRIAND BOULEVAR,,,,130
200600045060,6,8,11,1930,1,1,1,1,6,185,,M,0.0,0.0,220
200600074099,6,12,18,1345,1,1,1,1,6,252,,M,4499800.0,254300.0,150
200600016052,6,3,1,145,5,1,1,1,7,337,,M,4645500.0,494900.0,10
200600017137,6,4,20,655,1,1,1,5,3,95,CD 981,M,0.0,0.0,600
200600020627,6,4,12,1555,1,2,1,1,6,463,"10, JOSEPH HENOT (RUE )",,,,570
200600048940,6,8,9,1240,1,2,1,1,3,259,"0, 11 NOVEMBRE 1918 (DU)",,,,690
200600065333,6,10,19,600,5,1,1,2,2,78,AUTOROUTE A104,,,,930
200600025877,6,5,1,1845,1,2,1,1,5,55,"311, LYON (RUE DE)",,,,130
200600080875,6,3,18,630,2,1,1,8,7,310,,G,0.0,0.0,973
200600041037,6,7,23,950,1,1,1,1,3,85,VALOINE (BOULEVARD DE LA,,,,870
200600082039,6,7,29,1020,1,2,1,1,6,222,RN1,A,0.0,0.0,972
200600065866,6,11,20,1620,1,2,1,1,3,29,"135, TONNER (AVENUE FRAN",,,,60
200600058265,6,10,2,1745,1,1,1,2,6,150,,M,4944900.0,367400.0,20
200600032134,6,6,17,1840,1,1,1,1,6,235,,M,0.0,0.0,770
200600020351,6,4,19,1715,1,1,1,1,3,109,"00, BOULEVARD DE LA PRAI",,,,440
200600011127,6,3,28,1800,1,2,1,2,3,258,LIEZ (ROUTE DE,,,,20
200600059919,6,10,22,5,5,1,1,1,7,280,CD923,M,0.0,0.0,280
200600078739,6,12,1,1520,1,2,1,1,7,65,"4, VILLENEUVE (RUE EMILI",,,,810
200600030645,6,6,7,1500,1,2,1,1,6,184,CD  329-,M,0.0,0.0,400
200600080953,6,3,18,1130,1,1,1,1,6,101,CARAQUE,,,,971
200600027975,6,5,12,920,1,2,2,1,2,1,R DE LA REYNIE BD DE SEB,,,,750
200600061130,6,10,25,455,5,2,1,1,7,362,"sans n, ANDRE BOULEVARD",,,,260
200600021394,6,4,13,850,1,2,2,1,3,9,BD DES CAPUCINES PL DE L,,,,750
200600071172,6,11,2,1715,2,2,1,2,5,222,,M,5046300.0,313800.0,590
200600052828,6,9,9,1345,1,2,1,1,5,176,"CD 662, PR 3",M,0.0,0.0,670
200600041474,6,7,19,930,1,2,1,1,6,66,JOLIOT CURIE IRENE ET FR,,,,930
200600031581,6,6,22,945,3,1,1,1,6,161,,M,4365000.0,708000.0,60
200600056825,6,9,14,600,4,1,1,2,2,41,RN 147 BUXEROLLES,,,,860
200600016790,6,3,12,1745,1,1,2,1,3,11,,M,0.0,0.0,370
200600003201,6,1,25,1400,1,2,1,1,3,194,ROCADE EST (RD 162),,,,860
200600080411,6,1,14,800,1,2,3,1,2,101,PERRIN,,,,971
200600023047,6,4,7,1200,1,2,2,1,3,386,PROFESSEUR WEILL (DU),,,,690
200600012744,6,3,29,1840,1,2,2,1,3,395,"1, LOBAU (BOULEVARD)",,,,540
200600054618,6,9,15,1540,1,2,1,2,6,109,"69, BOULEVARD JULES VERN",,,,440
200600024339,6,5,13,930,1,1,1,1,6,398,Chemin rural,M,0.0,0.0,670
200600052936,6,1,13,130,5,1,1,1,3,48,N118,,,,920
200600016783,6,3,5,1045,1,2,1,1,3,127,Route de Châteauroux,M,0.0,0.0,360
200600045050,6,8,24,1615,1,1,1,1,1,384,,M,4828300.0,-283200.0,220
200600008558,6,2,13,1245,1,2,1,1,6,109,"2, BD MARTYRS N. DE LA R",,,,440
200600049529,6,8,5,1830,1,1,1,1,7,186,RD148 carrefour DIANE à,,,,770
200600047174,6,8,5,1730,1,2,1,2,7,88,"0, CESSOLE (BD DE) (JUSQ",,,,60
200600068414,6,11,11,1945,5,1,1,1,4,181,ALENCON (RTE D'),,,,720
200600072769,6,11,8,800,1,1,1,5,7,51,,M,0.0,0.0,280
200600011729,6,3,28,2145,5,2,1,1,6,118,"0, MONTALIVET (COURS)",,,,140
200600035149,6,6,8,1605,1,2,3,1,3,15,PT MIRABEAU PRT DE JAVEL,,,,750
200600011483,6,3,6,1940,5,2,1,6,3,55,"64, LYON (RUE DE)",,,,130
200600016707,6,3,24,1130,1,2,1,1,2,191,route de mlelun,M,4856100.0,295500.0,770
200600001843,6,1,7,1740,3,1,1,1,6,544,"0, RD 935 N",,,,590
200600055456,6,9,6,1800,1,1,1,1,4,482,"00, HAGUENAU (PLACE DE)",,,,670
200600071220,6,11,19,1530,3,2,1,1,7,812,CD15,M,4989000.0,306700.0,800
200600034182,6,6,11,1145,1,2,2,1,6,395,"1, FRANCE (AVENUE ANATOL",,,,540
200600041541,6,7,15,2248,5,2,1,1,3,17,EUGENE VARLIN (R),,,,940
200600059832,6,10,19,525,3,1,1,9,2,415,,M,4895600.0,305800.0,770
200600005848,6,1,31,1815,2,2,1,1,6,410,5 route de st loup,M,4370700.0,146900.0,310
200600034193,6,6,15,2255,5,1,2,1,6,395,"1, MOTHE (RUE DE LA)",,,,540
200600060487,6,10,27,1515,1,2,1,1,2,88,"99, CIMIEZ (BD) A PARTIR",,,,60
200600003404,6,1,24,1345,1,2,3,1,3,26,VERDUN (DE 01 A 61),,,,920
200600025755,6,5,22,1320,1,2,1,1,6,55,", SAINT LOUP (BOULEVARD",,,,130
200600042298,6,7,6,2330,3,1,1,1,1,58,,M,0.0,0.0,590
200600058289,6,10,9,915,1,1,1,1,3,331,Route du Montcornet,M,4935100.0,189900.0,600
200600042484,6,7,30,1300,1,1,1,1,6,260,,M,0.0,0.0,270
200600075035,6,12,18,720,2,1,1,1,3,77,CD 65,M,0.0,0.0,340
200600064079,6,10,13,650,5,2,1,5,3,21,ROGER DUMOULIN (AVENUE),,,,800
200600049506,6,8,21,1655,1,2,1,2,6,540,"136, SAINT JULIEN. RUE",,,,760
200600064283,6,10,21,2310,5,2,2,1,3,194,"., PARTHENAY (Rte de) (R",,,,860
200600064963,6,10,11,1745,1,2,1,1,3,11,RHIN ET DANUBE(RUE DU),,,,940
200600038415,6,7,12,1615,1,2,1,1,6,229,"02, CHASLES (RUE PHILARE",,,,280
200600008936,6,2,17,2100,5,2,1,3,3,643,"0, INDUSTRIEL ( Bld)",,,,620
200600067786,6,11,15,1345,1,2,2,1,6,631,"22, STEINBACH (RUE DE)",,,,570
200600029882,6,5,13,1535,1,2,3,2,3,389,RAOUL CARRIE,,,,690
200600059868,6,10,13,1930,5,2,1,1,6,315,faubourg ST GERMAIN,M,0.0,0.0,450
200600050740,6,9,20,2115,5,2,1,1,1,63,AV FRANCOIS MITTERAND,M,5028300.0,252900.0,620
200600058846,6,10,28,1945,5,2,1,1,6,167,avenue de la republique,M,4328100.0,134700.0,90
200600039549,6,7,5,2330,4,2,1,1,6,523,"111, LENS (R DE)",,,,620
200600024424,6,5,30,30,3,1,1,1,1,247,,M,0.0,0.0,210
200600048637,6,8,25,720,1,2,1,1,3,343,"86, DELORY GUSTAVE RUE",,,,590
200600036436,6,6,21,1815,1,2,1,1,3,36,"0, LAURENT CELY (AVENUE)",,,,920
200600002845,6,1,18,810,1,2,1,2,3,322,"1, PROVINCES. AVENUE DES",,,,760
200600081143,6,4,21,1800,1,1,1,1,7,311,,G,0.0,0.0,973
200600002972,6,1,11,1200,1,2,1,1,6,350,SOUDANES (ALLEE DES),,,,780
200600035010,6,6,1,2135,2,2,1,1,6,11,242 BD VOLTAIRE,,,,750
200600013766,6,3,22,1515,1,2,1,2,3,14,82 AV DENF ROCHEREAU,,,,750
200600017898,6,4,22,1830,1,2,9,1,1,5,RUE BULLIEUX,M,4553800.0,427200.0,420
200600077215,6,12,1,1945,5,2,3,1,2,512,LECONTE BAILLON (RUE),,,,590
200600006280,6,2,26,200,3,1,1,1,6,36,,M,0.0,0.0,440
200600061990,6,10,9,1815,1,2,3,1,3,286,"121, SANDILLON (ROUTE DE",,,,450
200600078927,6,12,20,1610,1,2,1,1,6,85,"8, COTY (AVENUE DU PRESI",,,,870
200600059305,6,10,8,1230,1,1,6,1,7,61,,M,0.0,0.0,670
200600039119,6,7,8,1430,1,2,3,1,3,129,"00, VAL DE SAIRE (RUE DU",,,,500
200600040853,6,7,19,1830,1,1,1,8,7,21,SAVEUSE (RUE DE),,,,800
200600028601,6,5,22,1515,1,2,1,1,6,81,NAURON (RUE DU),,,,790
200600059298,6,10,8,415,3,1,1,5,6,130,nal de décharge de l'ill,M,0.0,0.0,670
200600015808,6,3,23,830,1,1,2,1,5,74,CD 15,M,0.0,0.0,400
200600037938,6,7,3,1430,1,2,2,1,2,55,LODI (RUE DE),,,,130
200600051042,6,9,30,2045,3,1,1,1,2,394,,M,0.0,0.0,500
200600070303,6,11,9,1256,1,2,6,1,3,70,"1, ALBERT-DHALENNE (RUE)",,,,930
200600012751,6,3,29,1455,1,2,1,1,5,174,MARECHAL JOFFRE (AVENUE),,,,540
200600064463,6,10,22,1345,1,2,1,1,6,4,VOLTAIRE ( BD ),,,,920
200600017970,6,4,16,2215,5,2,2,1,3,267,CD1,M,4632000.0,326000.0,30
200600005661,6,1,17,1730,5,1,3,1,3,303,,M,0.0,0.0,202
200600074290,6,12,10,1245,1,1,1,5,1,233,CD 441,M,0.0,0.0,100
200600082360,6,8,11,1100,1,2,1,1,7,128,Richeplaine,A,0.0,0.0,971
