Num_Acc,place,catu,grav,sexe,trajet,secu,locp,actp,etatp,an_nais,num_veh
200700034421,1,1,1,2,3,11,0,0,0,1968.0,B01
200700081484,1,1,4,2,0,13,0,0,0,1979.0,A01
200700047722,1,2,1,2,0,11,0,0,0,1958.0,D04
200700059484,1,1,4,1,4,13,0,0,0,1958.0,A01
200700016615,1,1,4,1,4,21,0,0,0,1975.0,B01
200700063845,1,1,3,1,5,21,0,0,0,1955.0,B01
200700037695,1,1,3,1,5,11,0,0,0,1975.0,B01
200700062219,0,3,4,1,2,0,4,3,1,1995.0,A01
200700064786,1,1,1,2,9,13,0,0,0,1981.0,B01
200700032277,1,1,1,1,4,11,0,0,0,1957.0,B02
200700041922,1,1,4,1,1,21,0,0,0,1965.0,B01
200700009355,0,3,3,1,5,0,4,3,1,1927.0,A01
200700030728,1,1,1,2,9,11,0,0,0,1968.0,A01
200700081410,6,2,4,2,0,93,0,0,0,1997.0,B01
200700004130,1,1,1,2,5,11,0,0,0,1980.0,A01
200700011711,2,2,3,2,0,11,0,0,0,1950.0,B01
200700016011,1,1,4,1,4,21,0,0,0,1950.0,A01
200700083966,1,1,1,1,0,11,0,0,0,1985.0,D01
200700028638,0,3,3,1,0,0,0,3,0,2002.0,A01
200700000419,1,1,3,1,5,13,0,0,0,1964.0,B02
200700059697,0,3,4,1,9,0,2,3,1,1938.0,A01
200700059618,1,1,1,1,5,11,0,0,0,1983.0,A01
200700063866,1,1,4,1,5,21,0,0,0,1957.0,B01
200700012585,2,2,3,2,0,11,0,0,0,1987.0,A01
200700021776,4,2,4,2,0,11,0,0,0,1946.0,B01
200700018722,1,1,4,1,5,21,0,0,0,1987.0,B02
200700001918,1,1,1,1,1,13,0,0,0,1972.0,B01
200700063368,4,2,1,2,0,31,0,0,0,2005.0,B01
200700080557,1,1,1,1,5,11,0,0,0,1934.0,B01
200700002203,1,1,1,1,0,11,0,0,0,1963.0,A01
200700054933,1,1,4,1,0,21,0,0,0,1990.0,B01
200700019100,1,1,1,1,5,11,0,0,0,1952.0,B02
200700027760,4,2,4,2,0,11,0,0,0,1995.0,C01
200700006721,1,1,3,2,1,11,0,0,0,1985.0,A01
200700026494,1,1,3,1,5,21,0,0,0,1987.0,B02
200700040860,5,2,3,1,0,12,0,0,0,1997.0,A01
200700075719,3,2,1,1,0,11,0,0,0,1983.0,B02
200700043379,1,1,3,1,5,21,0,0,0,1950.0,B01
200700081106,1,1,4,2,9,11,0,0,0,1973.0,B01
200700037060,1,1,4,1,0,21,0,0,0,1968.0,A01
200700075206,1,1,3,2,3,11,0,0,0,1922.0,B02
200700082380,1,1,4,1,9,22,0,0,0,1992.0,A01
200700041515,6,2,3,2,0,11,0,0,0,1945.0,A01
200700012852,1,1,3,1,5,21,0,0,0,1968.0,A01
200700082320,1,1,4,2,9,12,0,0,0,1964.0,A01
200700079692,5,2,4,1,0,21,0,0,0,1958.0,B01
200700048370,1,1,1,2,5,11,0,0,0,1953.0,A01
200700041247,1,1,3,2,1,11,0,0,0,1978.0,B02
200700052832,2,2,3,2,0,21,0,0,0,1994.0,A01
200700047742,1,1,3,1,5,21,0,0,0,1944.0,A01
200700002946,1,1,4,1,0,13,0,0,0,1983.0,A01
200700079291,1,1,1,1,5,11,0,0,0,1980.0,A01
200700069346,1,1,1,1,0,13,0,0,0,1980.0,B01
200700082201,1,1,3,2,5,11,0,0,0,1968.0,A01
200700022652,1,1,4,1,5,11,0,0,0,1969.0,B01
200700030940,1,1,3,1,1,11,0,0,0,1980.0,B01
200700075347,5,2,2,1,0,0,0,0,0,1995.0,A01
200700079360,1,1,4,1,5,41,0,0,0,1937.0,B01
200700052018,1,1,1,1,0,11,0,0,0,1961.0,B01
200700035832,1,1,4,1,0,13,0,0,0,1984.0,A01
200700037771,1,1,1,1,0,11,0,0,0,1929.0,A01
200700026747,1,1,4,1,5,0,0,0,0,1982.0,C03
200700048115,1,1,1,1,5,11,0,0,0,1949.0,B02
200700010095,1,1,1,1,4,0,0,0,0,1972.0,A01
200700017629,1,1,1,1,0,93,0,0,0,1975.0,A01
200700025306,1,1,3,1,5,11,0,0,0,1961.0,A01
200700063719,1,1,3,2,2,93,0,0,0,1996.0,B01
200700041998,1,1,3,1,1,21,0,0,0,1970.0,B01
200700009338,1,1,1,1,9,11,0,0,0,1980.0,A01
200700050419,1,1,1,2,0,11,0,0,0,1984.0,A01
200700079609,2,2,4,2,0,11,0,0,0,1966.0,B01
200700074529,1,1,1,1,5,11,0,0,0,1946.0,A01
200700078553,1,1,3,2,1,43,0,0,0,1951.0,B01
200700069532,1,1,1,1,0,11,0,0,0,1948.0,A01
200700016350,1,1,1,1,4,11,0,0,0,1977.0,B01
200700039938,1,1,3,1,5,12,0,0,0,1987.0,A01
200700007495,1,1,3,2,4,11,0,0,0,1946.0,A01
200700052976,2,2,1,1,0,11,0,0,0,1973.0,A01
200700012401,0,3,3,2,5,0,4,4,2,1944.0,A01
200700010846,1,1,1,1,0,11,0,0,0,1976.0,A01
200700015836,1,1,1,1,4,11,0,0,0,1947.0,B01
200700057312,1,1,1,1,5,11,0,0,0,1960.0,B01
200700006362,0,3,2,2,3,0,1,3,1,1922.0,A01
200700074493,1,1,1,1,5,11,0,0,0,1987.0,C03
200700013718,1,1,4,1,5,21,0,0,0,1981.0,A01
200700020748,1,1,4,1,5,11,0,0,0,1970.0,B01
200700032948,1,1,3,1,5,21,0,0,0,1960.0,A01
200700069443,1,1,1,1,1,11,0,0,0,1950.0,A01
200700002997,1,1,1,1,5,11,0,0,0,1951.0,A01
200700069482,3,2,4,1,0,11,0,0,0,1987.0,B01
200700060482,1,1,4,1,5,21,0,0,0,1986.0,A01
200700067920,1,1,1,1,0,13,0,0,0,1973.0,A01
200700065458,1,1,1,1,4,11,0,0,0,1983.0,A01
200700068775,1,1,1,2,0,13,0,0,0,1944.0,A01
200700052345,1,1,4,1,0,21,0,0,0,1929.0,B01
200700079943,0,3,4,2,0,0,0,3,1,1944.0,A01
200700001748,1,1,1,2,0,11,0,0,0,1955.0,A01
200700000778,8,2,4,2,0,11,0,0,0,1993.0,A01
200700065559,1,1,1,2,3,93,0,0,0,1971.0,A01
200700020931,2,2,1,1,0,93,0,0,0,1987.0,A01
200700084283,1,1,4,1,0,23,0,0,0,1980.0,A01
200700023248,1,1,4,1,5,0,0,0,0,1973.0,B01
200700045577,1,1,4,1,1,11,0,0,0,1985.0,A01
200700036402,1,1,3,1,5,21,0,0,0,1987.0,B01
200700080496,1,1,1,1,5,11,0,0,0,1986.0,A01
200700033317,1,1,3,1,9,11,0,0,0,1938.0,B02
200700068193,1,1,4,1,0,21,0,0,0,1971.0,A01
200700073300,1,1,1,1,5,11,0,0,0,1987.0,A01
200700060984,2,2,4,1,0,11,0,0,0,1984.0,A01
200700031459,1,1,1,1,4,11,0,0,0,1961.0,C01
200700055855,1,1,4,1,0,11,0,0,0,1960.0,B01
200700057994,1,1,1,1,0,11,0,0,0,1976.0,A01
200700002783,1,1,4,2,9,11,0,0,0,1960.0,A01
200700004277,1,1,1,1,4,11,0,0,0,1966.0,B01
200700009400,1,1,4,1,1,11,0,0,0,1978.0,A01
200700056307,2,2,4,2,0,11,0,0,0,1956.0,B01
200700054683,1,1,1,2,5,13,0,0,0,1926.0,A01
200700013128,3,2,4,1,0,11,0,0,0,1996.0,A01
200700037218,1,1,1,2,5,11,0,0,0,1988.0,A01
200700062322,1,1,1,1,1,13,0,0,0,1962.0,B01
200700018553,1,1,1,1,4,0,0,0,0,1970.0,A01
200700001602,1,1,1,1,3,11,0,0,0,1983.0,A01
200700062031,1,1,1,2,0,11,0,0,0,1972.0,A01
200700012513,1,1,4,1,5,21,0,0,0,1992.0,A01
200700022815,1,1,1,1,4,11,0,0,0,1970.0,C01
200700043368,1,1,1,1,5,11,0,0,0,1950.0,B01
200700056670,1,1,4,1,5,21,0,0,0,1988.0,A01
200700074165,1,1,1,1,3,11,0,0,0,1943.0,A01
200700005594,0,3,4,1,4,0,2,3,1,1950.0,A01
200700034940,1,1,1,2,0,11,0,0,0,1969.0,A01
200700069080,1,1,1,1,5,11,0,0,0,1965.0,A01
200700072085,1,1,3,1,9,21,0,0,0,1976.0,B01
200700062314,1,1,1,1,0,13,0,0,0,1971.0,A01
200700057455,1,1,3,1,1,11,0,0,0,1966.0,A01
200700018066,1,1,4,2,1,11,0,0,0,1980.0,A01
200700071941,2,2,1,1,0,11,0,0,0,1969.0,A01
200700023107,1,1,4,1,4,21,0,0,0,1980.0,B01
200700044769,0,3,4,1,0,0,2,3,1,1998.0,A01
200700005327,0,3,3,2,0,0,4,3,1,1960.0,A01
200700032978,1,1,4,1,5,11,0,0,0,1956.0,B02
200700011074,1,1,4,2,1,11,0,0,0,1972.0,B01
200700059538,1,1,1,1,5,11,0,0,0,1964.0,A01
200700003671,1,1,1,1,9,11,0,0,0,1987.0,B01
200700033107,1,1,3,1,5,21,0,0,0,1977.0,B02
200700070071,1,1,3,1,5,21,0,0,0,1973.0,A01
200700014750,1,1,1,1,5,11,0,0,0,1941.0,A01
200700003385,1,1,1,1,5,11,0,0,0,1973.0,A01
200700062815,1,1,4,1,2,21,0,0,0,1981.0,A01
200700049689,2,2,4,2,0,11,0,0,0,1984.0,A01
200700052489,1,1,1,1,4,11,0,0,0,1962.0,A01
200700024957,1,1,4,1,0,21,0,0,0,1984.0,A01
200700074473,1,1,4,1,0,11,0,0,0,1979.0,E05
200700032404,2,2,3,2,0,21,0,0,0,1991.0,B02
200700061426,3,2,4,1,0,31,0,0,0,2004.0,B02
200700070030,1,1,4,2,0,93,0,0,0,1952.0,A01
200700053866,2,2,3,2,0,11,0,0,0,1932.0,A01
200700025246,1,1,1,1,5,11,0,0,0,1982.0,A01
200700041116,4,2,4,1,0,31,0,0,0,2001.0,C03
200700067250,1,1,1,2,5,13,0,0,0,1958.0,A01
200700048756,1,1,4,2,0,23,0,0,0,1957.0,B01
200700049252,1,1,4,1,5,21,0,0,0,1986.0,B01
200700058701,1,1,4,1,4,11,0,0,0,1987.0,A01
200700033724,1,1,1,1,0,11,0,0,0,1944.0,A01
200700016555,1,1,1,1,4,13,0,0,0,1970.0,A01
200700083053,1,1,1,1,5,11,0,0,0,1944.0,A01
200700050789,2,2,4,2,0,11,0,0,0,1962.0,B01
200700004558,1,1,3,1,1,21,0,0,0,1974.0,A01
200700041894,4,2,1,1,0,31,0,0,0,2001.0,A01
200700046363,1,1,1,2,0,93,0,0,0,1940.0,C01
200700035541,1,1,1,1,4,11,0,0,0,1985.0,A01
200700080245,2,2,3,1,0,11,0,0,0,1965.0,C01
200700034744,0,3,3,1,0,0,0,0,1,1999.0,A01
200700000912,1,1,1,1,1,21,0,0,0,1968.0,A01
200700038315,1,1,4,1,5,12,0,0,0,1954.0,A01
200700060195,1,1,3,2,5,11,0,0,0,1930.0,A01
200700052371,1,1,4,1,5,11,0,0,0,1973.0,B01
200700043308,1,1,4,1,1,21,0,0,0,1989.0,A01
200700063289,1,1,4,1,5,11,0,0,0,1988.0,A01
200700047599,2,2,3,2,0,11,0,0,0,1948.0,B02
200700065214,1,1,3,1,1,21,0,0,0,1985.0,B01
200700005513,0,3,2,1,0,0,2,3,1,1938.0,A01
200700070067,1,1,1,1,0,11,0,0,0,1971.0,A01
200700043894,4,2,4,1,0,11,0,0,0,1944.0,B01
200700027268,1,1,4,2,5,21,0,0,0,1977.0,B01
200700051728,0,2,4,2,0,11,0,0,0,1957.0,A01
200700003343,1,1,4,2,5,93,0,0,0,1952.0,B01
200700006292,1,1,4,1,5,11,0,0,0,1976.0,A01
200700010497,1,1,3,2,4,21,0,0,0,1981.0,B01
200700043107,1,1,1,1,9,11,0,0,0,1918.0,A01
200700021581,1,1,3,2,5,21,0,0,0,1989.0,A01
200700040852,2,2,1,1,0,11,0,0,0,1980.0,B02
200700005401,0,3,4,2,5,0,0,3,0,1982.0,A01
200700019002,1,1,1,1,1,11,0,0,0,1961.0,A01
200700006924,2,2,3,2,0,11,0,0,0,1961.0,A01
200700079717,1,1,4,1,1,42,0,0,0,1958.0,B01
200700013199,2,2,3,1,0,11,0,0,0,1987.0,B02
200700052257,0,3,4,1,5,0,1,3,1,1978.0,A01
200700011606,1,1,1,2,9,11,0,0,0,1984.0,A01
200700033489,1,1,3,1,5,21,0,0,0,1992.0,B02
200700063826,0,3,4,2,5,0,3,3,1,1938.0,A01
200700033477,1,1,1,1,0,11,0,0,0,1960.0,B02
200700060586,2,2,3,1,0,21,0,0,0,1970.0,A01
200700008733,1,1,4,2,5,11,0,0,0,1946.0,A01
200700063512,1,1,1,2,5,11,0,0,0,1962.0,A01
200700025891,1,1,1,2,1,11,0,0,0,1960.0,B02
200700049689,4,2,1,2,0,32,0,0,0,2006.0,B01
200700029610,1,1,1,1,5,11,0,0,0,1973.0,A01
200700044929,1,1,1,1,0,13,0,0,0,1972.0,B01
200700029252,0,3,3,1,5,0,4,3,1,1988.0,A01
200700038187,4,2,4,1,0,11,0,0,0,1987.0,A01
200700041200,1,1,2,1,0,11,0,0,0,1953.0,A01
200700070471,0,3,2,2,0,0,1,1,2,1959.0,A01
200700010800,1,1,1,1,4,11,0,0,0,1950.0,A01
200700030740,0,3,4,2,9,0,4,3,1,1971.0,A01
200700050118,1,1,4,2,5,11,0,0,0,1980.0,B01
200700030754,1,1,4,2,0,11,0,0,0,1961.0,B01
200700056807,1,1,1,1,1,11,0,0,0,1950.0,A01
200700015439,1,1,3,1,5,22,0,0,0,1986.0,B01
200700039683,1,1,4,1,4,11,0,0,0,1959.0,B02
200700047324,1,1,3,2,5,11,0,0,0,1986.0,A01
200700050550,2,2,1,1,0,11,0,0,0,1982.0,A01
200700043175,1,1,1,1,0,13,0,0,0,1961.0,A01
200700026036,1,1,2,1,5,22,0,0,0,1967.0,B02
200700050549,1,1,4,2,5,93,0,0,0,1934.0,A01
200700025690,4,2,1,1,0,11,0,0,0,1944.0,A01
200700061136,1,1,3,2,1,11,0,0,0,1967.0,B02
200700071088,1,1,1,2,0,11,0,0,0,1974.0,B01
200700047486,1,1,1,1,3,11,0,0,0,1946.0,A01
200700064620,1,1,4,2,5,11,0,0,0,1985.0,B01
200700033288,4,2,1,1,0,11,0,0,0,2001.0,C03
200700039179,1,1,1,1,4,13,0,0,0,1966.0,A01
200700066894,1,1,4,1,4,21,0,0,0,1983.0,A01
200700070162,0,3,3,1,0,0,3,3,1,1956.0,A01
200700003460,1,1,3,1,0,11,0,0,0,1980.0,A01
200700075628,1,1,3,1,5,21,0,0,0,1992.0,A01
200700013198,1,1,1,1,1,11,0,0,0,1954.0,A01
200700029434,2,2,4,2,0,21,0,0,0,1959.0,B01
200700069670,0,3,3,2,9,0,2,2,1,1967.0,A01
200700004236,1,1,1,1,5,11,0,0,0,1983.0,A01
200700005599,1,1,1,1,1,11,0,0,0,1981.0,A01
200700028689,1,1,1,1,1,13,0,0,0,1988.0,B01
200700006531,1,1,1,1,4,11,0,0,0,1956.0,A01
200700022364,1,1,1,1,5,11,0,0,0,1986.0,B01
200700040806,1,1,4,2,5,21,0,0,0,1989.0,A01
200700014758,1,1,1,1,1,11,0,0,0,1978.0,A01
200700029228,1,1,1,2,5,11,0,0,0,1981.0,B01
200700069150,2,2,4,2,0,11,0,0,0,1951.0,B01
200700072809,1,1,1,1,4,12,0,0,0,1953.0,A01
200700047321,1,1,4,1,5,11,0,0,0,1955.0,B02
200700017388,1,1,1,1,9,11,0,0,0,1964.0,A01
200700000444,1,1,1,2,5,11,0,0,0,1956.0,A01
200700061182,1,1,4,2,0,11,0,0,0,1944.0,B02
200700002059,1,1,4,1,0,21,0,0,0,1969.0,B01
200700052057,1,1,1,1,4,11,0,0,0,1959.0,C01
200700059242,1,1,3,2,5,93,0,0,0,1980.0,A01
200700007533,1,1,1,2,3,11,0,0,0,1956.0,C03
200700029190,1,1,1,1,0,11,0,0,0,1951.0,A01
200700056678,2,2,4,1,0,13,0,0,0,1985.0,A01
200700042567,1,1,4,2,5,11,0,0,0,1972.0,A01
200700070347,1,1,2,1,1,42,0,0,0,1976.0,A01
200700018446,1,1,1,1,3,11,0,0,0,1987.0,A01
200700031684,4,2,4,2,0,11,0,0,0,2007.0,A01
200700030789,1,1,4,1,1,21,0,0,0,1968.0,B01
200700074528,1,1,1,2,1,11,0,0,0,1948.0,B02
200700073700,1,1,3,1,1,21,0,0,0,1954.0,A01
200700003612,1,1,1,2,5,11,0,0,0,1946.0,C01
200700041979,1,1,4,2,5,11,0,0,0,1959.0,B01
200700030040,1,1,4,1,5,0,0,0,0,1972.0,B01
200700064856,3,2,1,2,0,31,0,0,0,2005.0,B01
200700019385,2,2,3,1,0,11,0,0,0,1958.0,A01
200700016432,1,1,4,1,5,21,0,0,0,1983.0,B01
200700076574,1,1,4,2,5,11,0,0,0,1953.0,B01
200700037553,2,2,3,1,0,11,0,0,0,1957.0,A01
200700070902,1,1,1,1,9,11,0,0,0,1983.0,B01
200700069831,0,3,4,2,5,0,4,3,2,1943.0,A01
200700025800,1,1,3,1,0,0,0,0,0,1996.0,A01
200700076882,1,1,1,1,0,11,0,0,0,1973.0,A01
200700024220,4,2,4,1,0,93,0,0,0,1931.0,A01
200700018493,1,1,1,1,5,11,0,0,0,1987.0,A01
200700033715,1,1,1,1,4,11,0,0,0,1967.0,B02
200700075198,1,1,1,2,5,11,0,0,0,1965.0,B02
200700001435,3,2,1,1,0,12,0,0,0,1985.0,A01
200700044398,1,1,3,1,9,21,0,0,0,1968.0,A01
200700084613,1,1,4,1,0,11,0,0,0,1975.0,B01
200700023433,1,1,4,1,5,21,0,0,0,1986.0,A01
200700043723,1,1,1,1,5,11,0,0,0,1976.0,A01
200700041859,1,1,1,1,0,21,0,0,0,1993.0,C01
200700055072,1,1,1,1,5,11,0,0,0,1979.0,A01
200700049388,1,1,1,1,5,11,0,0,0,1987.0,B01
200700062513,1,1,4,1,5,21,0,0,0,1956.0,B01
200700023131,1,1,1,1,5,11,0,0,0,1946.0,B01
200700041105,1,1,1,1,5,11,0,0,0,1938.0,B02
200700081998,1,1,1,1,9,13,0,0,0,1975.0,A01
200700000288,6,2,1,1,0,10,0,0,0,1988.0,A01
200700020143,7,2,4,1,0,12,0,0,0,1974.0,A01
200700058449,1,1,1,1,5,11,0,0,0,1972.0,A01
200700066956,2,2,4,2,0,23,0,0,0,1961.0,B01
200700042192,1,1,1,1,0,13,0,0,0,1986.0,A01
200700070375,1,1,3,1,0,21,0,0,0,1963.0,A01
200700016173,1,1,4,1,5,0,0,0,0,1956.0,A01
200700062478,1,1,1,1,4,13,0,0,0,1974.0,A01
200700024626,1,1,1,1,3,11,0,0,0,1945.0,A01
200700076274,1,1,4,2,1,11,0,0,0,1980.0,C01
200700069066,1,1,1,1,4,11,0,0,0,1959.0,B01
200700013624,1,1,3,1,1,21,0,0,0,1962.0,B01
200700007750,1,1,4,1,5,21,0,0,0,1988.0,A01
200700028148,1,1,1,1,5,11,0,0,0,1954.0,A01
200700024206,1,1,3,1,0,21,0,0,0,1977.0,B01
200700076311,1,1,4,1,5,21,0,0,0,1983.0,A01
200700020404,1,1,1,1,2,11,0,0,0,1988.0,B01
200700032929,1,1,1,1,5,11,0,0,0,1963.0,A01
200700009798,1,1,1,1,5,0,0,0,0,1963.0,A01
200700053636,2,2,1,2,0,11,0,0,0,1939.0,A01
200700019634,2,2,1,1,0,11,0,0,0,1948.0,B02
200700049245,1,1,1,1,5,11,0,0,0,1975.0,B01
200700042518,1,1,1,1,5,21,0,0,0,1990.0,A01
200700040340,1,1,1,1,5,11,0,0,0,1969.0,B02
200700015949,1,1,4,2,9,11,0,0,0,1979.0,A01
200700020327,1,1,3,1,5,21,0,0,0,1967.0,A01
200700043874,1,1,1,2,5,11,0,0,0,1956.0,B01
200700062677,1,1,4,1,0,21,0,0,0,1969.0,A01
200700084680,1,1,1,1,9,11,0,0,0,1982.0,D01
200700006049,1,1,1,1,4,11,0,0,0,1957.0,B01
200700023816,1,1,4,2,9,11,0,0,0,1968.0,B01
200700032456,1,1,4,1,5,21,0,0,0,1967.0,B02
200700084155,0,3,3,1,0,0,0,0,1,,A01
200700014386,1,1,3,2,9,11,0,0,0,1988.0,B01
200700023967,1,1,1,2,5,11,0,0,0,1962.0,B01
200700037604,2,2,4,2,0,11,0,0,0,1983.0,A01
200700082778,1,1,3,1,5,0,0,0,0,1979.0,A01
200700015582,2,2,1,1,0,11,0,0,0,1992.0,B01
200700068482,1,1,1,1,0,11,0,0,0,1933.0,A01
200700024987,1,1,4,1,0,23,0,0,0,1982.0,A01
200700049830,1,1,4,1,0,21,0,0,0,1978.0,B01
200700033692,1,1,1,1,5,13,0,0,0,1982.0,A01
200700014642,1,1,1,1,0,13,0,0,0,1950.0,A01
200700052844,0,3,3,2,5,0,6,0,1,1945.0,A01
200700017432,1,1,3,2,2,21,0,0,0,1969.0,B01
200700059787,1,1,1,2,9,11,0,0,0,1955.0,A01
200700035088,1,1,4,1,0,21,0,0,0,1988.0,A01
200700064405,1,1,4,1,5,13,0,0,0,1988.0,A01
200700039449,1,1,1,2,5,11,0,0,0,1927.0,D04
200700021485,1,1,4,1,0,21,0,0,0,1968.0,A01
200700029045,1,1,3,1,9,23,0,0,0,2000.0,B01
200700044992,1,1,4,1,4,21,0,0,0,,A01
200700046353,1,1,4,1,0,13,0,0,0,1957.0,A01
200700055099,3,2,1,1,0,13,0,0,0,1989.0,A01
200700004490,2,2,4,1,0,21,0,0,0,1961.0,B01
200700024826,1,1,1,1,1,11,0,0,0,1973.0,C01
200700082885,1,1,4,1,0,23,0,0,0,1990.0,B01
200700011816,1,1,1,1,5,11,0,0,0,1974.0,A01
200700071601,1,1,3,1,1,21,0,0,0,1974.0,A01
200700054596,3,2,1,1,0,11,0,0,0,1940.0,A01
200700055170,1,1,3,1,5,23,0,0,0,1984.0,A01
200700053898,0,3,3,1,2,0,4,3,0,2001.0,A01
200700070795,1,1,1,2,1,11,0,0,0,1979.0,A01
200700006037,1,1,1,1,5,11,0,0,0,1948.0,D01
200700037570,1,1,1,2,0,13,0,0,0,1976.0,A01
200700081576,2,2,2,1,0,22,0,0,0,1987.0,B02
200700061706,1,1,3,1,5,11,0,0,0,1927.0,A01
200700010356,1,1,1,2,0,13,0,0,0,1976.0,A01
200700007232,1,1,2,1,5,12,0,0,0,1965.0,A01
200700066740,1,1,4,1,1,22,0,0,0,1984.0,A01
200700073825,3,2,2,1,0,11,0,0,0,1992.0,B02
200700020571,1,1,4,1,4,21,0,0,0,1981.0,B01
200700042720,1,2,4,2,0,11,0,0,0,1962.0,B01
200700038605,0,3,4,1,0,0,4,5,1,1970.0,A01
200700056385,1,1,4,2,0,0,0,0,0,1984.0,B01
200700015268,1,1,1,1,4,11,0,0,0,1953.0,A01
200700032335,1,1,3,1,1,21,0,0,0,1962.0,B02
200700031996,1,1,3,1,1,21,0,0,0,1974.0,A01
200700015559,1,1,1,1,5,11,0,0,0,1944.0,B01
200700049117,1,1,3,1,5,21,0,0,0,1987.0,A01
200700050440,2,2,1,1,0,11,0,0,0,1957.0,A01
200700054498,1,1,1,2,5,11,0,0,0,1973.0,A01
200700005373,0,3,3,1,9,0,4,3,2,1990.0,A01
200700041044,1,1,1,1,5,11,0,0,0,1987.0,C03
200700012200,2,2,1,1,0,11,0,0,0,1980.0,B02
200700047674,1,1,1,1,5,11,0,0,0,1931.0,A01
200700060723,1,1,1,2,5,11,0,0,0,1975.0,A01
200700076814,1,1,1,1,0,13,0,0,0,1972.0,B01
200700028026,1,1,4,2,9,13,0,0,0,1971.0,A01
200700051611,1,1,1,1,5,11,0,0,0,1965.0,A01
200700059281,1,1,1,1,5,12,0,0,0,1970.0,A01
200700067713,1,1,1,1,4,13,0,0,0,1961.0,A01
200700056850,1,1,4,2,2,21,0,0,0,1991.0,B01
200700008652,1,1,1,1,5,11,0,0,0,1956.0,B01
200700078218,1,1,4,1,5,11,0,0,0,1988.0,A01
200700010553,1,1,4,1,9,22,0,0,0,1989.0,A01
200700054081,2,2,3,2,0,11,0,0,0,1928.0,A01
200700032241,4,2,1,2,0,11,0,0,0,1988.0,A01
200700052559,1,1,1,2,5,11,0,0,0,1962.0,A01
200700047731,1,1,3,1,5,21,0,0,0,1957.0,A01
200700033280,1,1,1,1,5,11,0,0,0,1941.0,A01
200700066026,1,1,3,2,0,11,0,0,0,1966.0,B01
200700026638,1,1,3,1,5,21,0,0,0,1974.0,A01
200700057786,1,1,1,2,0,11,0,0,0,1986.0,B01
200700024644,1,1,4,1,5,21,0,0,0,1986.0,A01
200700070014,1,1,1,1,0,21,0,0,0,1989.0,B01
200700027061,1,1,3,1,0,21,0,0,0,1990.0,B01
200700034536,1,1,1,1,1,11,0,0,0,1945.0,A01
200700071357,2,2,3,2,0,11,0,0,0,1979.0,A01
200700042316,0,2,4,1,0,21,0,0,0,1990.0,A01
200700072289,1,1,1,1,4,92,0,0,0,1972.0,A01
200700064824,0,3,3,1,2,0,0,0,2,1992.0,A01
200700051134,0,3,4,1,5,0,4,3,1,1926.0,A01
200700058915,2,2,4,2,0,11,0,0,0,1977.0,A01
200700023186,1,1,1,1,5,11,0,0,0,1931.0,B01
200700073443,1,1,3,1,5,0,0,0,0,1996.0,A01
200700056338,0,3,4,1,5,0,2,3,1,1997.0,A01
200700015875,1,1,1,1,4,11,0,0,0,1955.0,A01
200700069780,1,1,4,2,0,23,0,0,0,1965.0,A01
200700076452,1,1,3,2,1,11,0,0,0,1987.0,B01
200700012682,2,2,3,2,0,11,0,0,0,1932.0,B02
200700019342,1,1,3,1,5,0,0,0,0,1995.0,B02
200700034816,1,1,1,2,9,11,0,0,0,1958.0,A01
200700010118,1,1,1,2,5,11,0,0,0,1944.0,B01
200700053817,1,1,1,2,5,11,0,0,0,1926.0,A01
200700018616,2,2,1,1,0,11,0,0,0,1928.0,A01
200700015983,1,1,1,2,4,11,0,0,0,1968.0,A01
200700066132,1,1,4,2,5,11,0,0,0,1955.0,B01
200700060480,1,1,3,1,5,11,0,0,0,1984.0,A01
200700006985,4,2,1,2,0,11,0,0,0,1990.0,A01
200700064435,0,3,4,2,2,0,3,3,2,1996.0,A01
200700065490,1,1,4,2,0,13,0,0,0,1959.0,B01
200700077367,1,1,4,2,4,21,0,0,0,1981.0,B01
200700044553,1,1,1,1,5,11,0,0,0,1986.0,A01
200700018279,6,2,1,2,0,13,0,0,0,1965.0,C01
200700073151,1,1,1,1,5,11,0,0,0,1948.0,B02
200700043428,1,1,1,1,3,11,0,0,0,1987.0,A01
200700018093,1,1,1,1,0,11,0,0,0,1977.0,B01
200700079431,0,3,4,1,9,0,2,5,1,1996.0,A01
200700058444,1,1,1,2,5,11,0,0,0,1966.0,A01
200700053082,1,1,3,2,1,11,0,0,0,1985.0,A01
200700005816,1,1,4,1,3,11,0,0,0,1960.0,A01
200700062142,0,3,4,1,5,0,0,5,2,1998.0,A01
200700040015,0,3,4,1,5,0,2,1,2,1924.0,A01
200700078807,0,3,4,1,2,0,0,3,1,2000.0,A01
200700051773,1,1,1,2,5,11,0,0,0,1942.0,A01
200700047171,1,1,4,1,9,11,0,0,0,1956.0,B02
200700032026,1,1,1,1,5,11,0,0,0,1949.0,A01
200700073586,1,1,2,1,5,10,0,0,0,1987.0,B02
200700028601,1,1,1,1,4,11,0,0,0,1974.0,A01
200700060298,1,1,1,2,0,11,0,0,0,1983.0,A01
200700080605,1,1,4,1,9,93,0,0,0,1970.0,B01
200700063526,1,1,4,2,1,11,0,0,0,1963.0,B01
200700055297,1,1,3,1,5,21,0,0,0,1990.0,A01
200700081015,1,1,4,1,5,21,0,0,0,1970.0,A01
200700035209,2,2,4,1,0,11,0,0,0,1986.0,A01
200700010905,0,3,3,1,5,0,5,5,2,2005.0,A01
200700084643,1,1,4,1,0,23,0,0,0,1982.0,B01
200700033522,1,1,4,1,5,11,0,0,0,1986.0,A01
200700069673,2,2,4,2,0,21,0,0,0,1990.0,B01
200700082458,2,2,3,2,0,11,0,0,0,1950.0,A01
200700009489,1,1,1,1,5,11,0,0,0,1931.0,A01
200700063046,1,1,4,1,0,21,0,0,0,1981.0,A01
200700007504,1,1,1,1,5,11,0,0,0,1981.0,A01
200700001956,1,1,2,1,0,21,0,0,0,1981.0,B01
200700070774,1,1,4,1,5,23,0,0,0,1973.0,B01
200700049364,1,1,1,1,4,11,0,0,0,1952.0,A01
200700011893,1,1,2,2,5,13,0,0,0,1953.0,B02
200700027590,1,1,4,2,5,11,0,0,0,1956.0,B01
200700000607,1,1,3,1,2,11,0,0,0,1981.0,A01
200700082905,2,2,1,1,0,11,0,0,0,1983.0,A01
200700020406,0,3,4,1,5,0,4,3,1,1957.0,A01
200700084267,1,1,1,2,0,13,0,0,0,1977.0,A01
200700076421,1,1,4,1,5,21,0,0,0,1985.0,B01
200700009139,1,1,1,1,5,11,0,0,0,1936.0,A01
200700044900,1,1,3,1,0,21,0,0,0,1985.0,B01
200700060404,1,1,2,1,1,11,0,0,0,1987.0,A01
200700015135,1,1,1,1,3,11,0,0,0,1965.0,A01
200700060966,1,1,3,1,1,11,0,0,0,1956.0,B02
200700027702,1,1,4,1,3,11,0,0,0,1977.0,C01
200700019171,1,1,1,2,5,11,0,0,0,1987.0,A01
200700018395,1,1,2,1,5,21,0,0,0,1974.0,A01
200700054177,1,1,1,2,1,11,0,0,0,1951.0,A01
200700001635,1,1,4,1,5,21,0,0,0,1989.0,B01
200700004893,1,1,3,1,0,21,0,0,0,1985.0,A01
200700082461,1,1,3,1,9,11,0,0,0,,A01
200700058717,1,1,4,2,5,11,0,0,0,1981.0,B01
200700052961,1,1,1,1,1,11,0,0,0,1984.0,A01
200700018821,1,1,4,1,5,11,0,0,0,1970.0,B02
200700004095,1,1,1,2,5,11,0,0,0,1973.0,C01
200700023022,1,1,4,1,5,21,0,0,0,1987.0,A01
200700078774,0,2,4,2,0,93,0,0,0,1951.0,B01
200700020148,1,1,1,1,5,11,0,0,0,1926.0,B02
200700025524,1,1,1,1,5,11,0,0,0,1963.0,B02
200700002820,1,1,1,1,5,11,0,0,0,1987.0,B01
200700067032,1,1,4,1,9,13,0,0,0,1982.0,C01
200700056718,1,1,4,1,1,11,0,0,0,1973.0,B01
200700038031,2,2,3,2,0,11,0,0,0,1946.0,A01
200700026087,8,2,4,1,0,11,0,0,0,1995.0,A01
200700069347,1,1,4,1,0,93,0,0,0,1995.0,A01
200700083599,1,1,3,1,5,21,0,0,0,1946.0,B02
200700000594,1,1,1,1,5,11,0,0,0,1930.0,A01
200700066005,2,2,3,1,0,22,0,0,0,1988.0,A01
200700053703,1,1,1,1,2,0,0,0,0,1994.0,A01
200700000975,8,2,1,1,0,0,0,0,0,1959.0,B02
200700022025,1,1,2,1,1,21,0,0,0,1965.0,B01
200700008696,1,1,4,1,0,21,0,0,0,1986.0,A01
200700014828,0,3,4,1,5,0,4,3,0,1985.0,A01
200700030966,1,1,3,1,0,21,0,0,0,1966.0,A01
200700032900,1,1,1,1,1,11,0,0,0,1973.0,A01
200700018913,1,1,1,1,5,11,0,0,0,1976.0,B02
200700060018,1,1,1,1,1,11,0,0,0,1962.0,B02
200700046160,1,1,1,1,5,13,0,0,0,1954.0,A01
200700003075,1,1,4,1,1,23,0,0,0,1970.0,B01
200700047851,1,1,3,2,5,11,0,0,0,1984.0,B02
200700018013,1,1,1,1,0,11,0,0,0,1986.0,A01
200700076904,1,1,1,1,5,11,0,0,0,1976.0,C01
200700079455,0,3,4,2,5,0,4,3,2,1988.0,A01
200700027710,3,2,4,1,0,31,0,0,0,2003.0,B01
200700018205,0,3,3,1,2,0,2,3,2,2001.0,A01
200700078555,1,1,1,1,1,11,0,0,0,1972.0,A01
200700052850,2,2,3,2,0,11,0,0,0,1940.0,B02
200700047406,1,1,3,2,5,11,0,0,0,1981.0,A01
200700055379,1,1,1,1,5,93,0,0,0,1964.0,A01
200700072416,1,1,4,1,5,21,0,0,0,1986.0,B01
200700023621,1,1,4,2,5,11,0,0,0,1957.0,A01
200700008319,1,1,4,2,5,11,0,0,0,1954.0,A01
200700002784,1,1,3,1,9,11,0,0,0,1969.0,A01
200700005309,1,1,1,2,0,11,0,0,0,1980.0,A01
200700084246,1,1,3,1,1,22,0,0,0,1989.0,B01
200700021305,2,2,1,2,0,11,0,0,0,1987.0,A01
200700037737,2,2,4,2,0,12,0,0,0,1920.0,B01
200700050873,1,1,1,2,5,13,0,0,0,1964.0,B01
200700078305,1,1,1,1,5,12,0,0,0,1979.0,A01
200700019579,0,3,3,1,5,0,2,3,1,2000.0,A01
200700046970,2,2,1,1,0,11,0,0,0,1986.0,A01
200700043229,1,1,1,1,4,13,0,0,0,1957.0,A01
200700065361,0,3,3,2,5,0,0,1,2,1934.0,A01
200700078768,1,1,1,1,5,11,0,0,0,1983.0,A01
200700074737,0,3,3,1,1,0,6,2,1,1990.0,A01
200700061023,4,2,3,1,0,11,0,0,0,1975.0,A01
200700063566,1,1,4,2,0,11,0,0,0,1982.0,B01
200700065143,2,2,4,1,0,11,0,0,0,1955.0,B01
200700017639,1,1,4,2,1,11,0,0,0,1979.0,A01
200700055154,1,1,1,2,1,93,0,0,0,1955.0,B01
200700031084,0,3,3,1,5,0,2,3,1,1996.0,A01
200700058460,1,1,1,1,0,21,0,0,0,1986.0,A01
200700055574,1,1,4,1,9,21,0,0,0,1990.0,A01
200700012811,1,1,1,2,2,11,0,0,0,1988.0,A01
200700007933,1,1,1,1,5,11,0,0,0,1934.0,B01
200700038418,1,1,1,1,5,11,0,0,0,1953.0,A01
200700037304,1,1,4,1,5,21,0,0,0,1998.0,B01
200700076449,1,1,1,1,9,11,0,0,0,1981.0,A01
200700009403,0,3,4,1,2,0,0,5,2,1992.0,A01
200700076501,1,1,1,1,0,11,0,0,0,1986.0,B01
200700030354,1,1,1,1,9,11,0,0,0,1974.0,A01
200700022513,1,1,1,2,5,11,0,0,0,1986.0,A01
200700083573,0,3,4,2,5,0,5,2,2,2001.0,A01
200700032177,1,1,3,1,5,12,0,0,0,1961.0,F06
200700009468,0,3,3,2,5,0,3,3,1,1921.0,A01
200700069119,1,1,4,1,9,21,0,0,0,1991.0,B01
200700001949,1,1,4,2,1,11,0,0,0,1960.0,B01
200700083650,1,1,1,1,0,13,0,0,0,1987.0,B01
200700076943,1,1,1,1,0,21,0,0,0,1969.0,A01
200700028676,2,2,4,2,0,11,0,0,0,1989.0,A01
200700062439,0,3,4,2,5,0,2,3,1,1925.0,A01
200700074625,1,1,4,1,0,11,0,0,0,1966.0,A01
200700013314,1,1,3,2,2,11,0,0,0,1959.0,B02
200700033386,1,1,1,1,9,11,0,0,0,1986.0,A01
200700022961,1,1,4,2,5,11,0,0,0,1987.0,A01
200700009081,1,1,4,2,5,11,0,0,0,1986.0,A01
200700070284,1,1,1,1,0,11,0,0,0,1963.0,A01
200700007939,0,3,3,2,0,0,2,3,1,1961.0,A01
200700076904,1,1,1,2,5,11,0,0,0,1979.0,D01
200700075011,2,2,3,1,0,11,0,0,0,1986.0,A01
200700044760,0,2,4,1,0,93,0,0,0,1964.0,B01
200700055428,1,1,4,1,5,21,0,0,0,1963.0,A01
200700034563,1,1,1,1,5,21,0,0,0,1983.0,A01
200700079675,0,3,4,2,0,0,4,3,1,1991.0,A01
200700042286,1,1,1,1,4,93,0,0,0,1982.0,B01
200700045533,0,3,3,2,1,0,5,0,1,1971.0,B01
200700032593,1,1,3,2,5,20,0,0,0,1992.0,A01
200700072697,1,1,1,1,1,11,0,0,0,1973.0,A01
200700049092,1,1,1,1,1,11,0,0,0,1976.0,B01
200700012842,3,2,4,1,0,11,0,0,0,1984.0,A01
200700040797,2,2,4,2,0,21,0,0,0,1966.0,A01
200700027031,1,1,1,1,5,11,0,0,0,1981.0,A01
200700015736,1,1,1,1,1,13,0,0,0,1964.0,A01
200700012819,1,1,1,2,1,11,0,0,0,1981.0,A01
200700036865,1,1,1,1,0,13,0,0,0,1967.0,A01
200700042423,1,1,3,1,5,21,0,0,0,1980.0,A01
200700017658,1,1,1,1,0,11,0,0,0,1983.0,A01
200700048636,1,1,1,1,5,11,0,0,0,1964.0,A01
200700032763,1,1,4,1,1,11,0,0,0,1953.0,A01
200700031952,1,1,1,1,5,11,0,0,0,1950.0,B01
200700042288,1,1,4,2,0,13,0,0,0,1964.0,A01
200700066150,1,1,4,2,0,11,0,0,0,1978.0,G01
200700064182,1,1,1,1,0,11,0,0,0,1982.0,A01
200700001357,1,1,3,1,1,11,0,0,0,1979.0,A01
200700001019,8,2,1,2,0,11,0,0,0,1998.0,B02
200700065288,1,1,4,2,0,11,0,0,0,1959.0,B01
200700072672,1,1,4,1,4,21,0,0,0,1936.0,A01
200700012639,1,1,1,2,0,11,0,0,0,1944.0,B02
200700058647,1,1,1,1,1,11,0,0,0,1961.0,A01
200700041713,1,1,1,1,0,11,0,0,0,1960.0,D01
200700022216,1,1,4,1,4,13,0,0,0,1978.0,B01
200700068475,1,1,4,1,0,13,0,0,0,1951.0,B01
200700006550,1,1,1,2,5,11,0,0,0,1978.0,A01
200700049228,1,1,4,1,5,23,0,0,0,1989.0,B01
200700026179,1,1,1,1,0,0,0,0,0,,C03
200700008840,1,1,4,2,5,11,0,0,0,1981.0,A01
200700020238,1,1,1,2,2,11,0,0,0,1980.0,A01
200700056173,1,1,3,1,0,93,0,0,0,1988.0,A01
200700021248,5,2,4,1,0,11,0,0,0,2004.0,B01
200700056545,1,1,1,2,5,11,0,0,0,1970.0,B01
200700028995,3,2,4,2,0,11,0,0,0,2004.0,B01
200700004748,1,1,1,1,1,11,0,0,0,1955.0,A01
200700041851,1,1,4,1,0,11,0,0,0,1921.0,B01
200700020128,2,2,1,1,0,11,0,0,0,1989.0,A01
200700077636,1,1,4,1,5,12,0,0,0,1984.0,A01
200700071312,1,1,3,1,0,21,0,0,0,1978.0,B01
200700017401,1,1,1,1,5,11,0,0,0,1983.0,B01
200700015901,1,1,1,1,5,11,0,0,0,1965.0,A01
200700018793,4,2,1,2,0,11,0,0,0,1992.0,C03
200700075818,3,2,3,1,0,11,0,0,0,1987.0,A01
200700011829,1,1,2,1,5,11,0,0,0,1982.0,A01
200700054769,1,1,4,1,4,21,0,0,0,1971.0,B01
200700081691,1,1,1,1,5,11,0,0,0,1952.0,B01
200700071744,2,2,4,2,0,11,0,0,0,1990.0,B01
200700017292,1,1,1,1,0,11,0,0,0,1965.0,A01
200700052444,1,1,1,1,4,11,0,0,0,1983.0,A01
200700070903,1,1,3,2,0,21,0,0,0,1958.0,B01
200700001371,1,1,1,2,1,11,0,0,0,1970.0,A01
200700081241,3,2,4,2,0,11,0,0,0,2001.0,A01
200700031758,1,1,1,1,4,11,0,0,0,1962.0,C01
200700054643,1,1,3,2,5,21,0,0,0,1990.0,A01
200700040857,1,1,3,1,5,11,0,0,0,1961.0,A01
200700002156,1,1,1,1,0,11,0,0,0,1952.0,A01
200700029180,1,1,1,1,9,11,0,0,0,1916.0,C01
200700024511,1,1,4,1,5,11,0,0,0,1977.0,A01
200700080152,1,1,4,1,1,11,0,0,0,1986.0,A01
200700032635,1,1,1,2,5,11,0,0,0,1974.0,B02
200700002974,1,1,3,1,2,21,0,0,0,1991.0,A01
200700045003,5,2,4,1,0,21,0,0,0,1966.0,A01
200700063612,1,1,3,1,0,23,0,0,0,1949.0,B01
200700005402,1,1,3,1,0,11,0,0,0,1953.0,B01
200700063323,1,1,4,1,0,21,0,0,0,1970.0,B01
200700061396,1,1,1,1,5,11,0,0,0,1944.0,A01
200700035565,1,1,1,2,0,13,0,0,0,1964.0,A01
200700068117,2,2,4,2,0,13,0,0,0,1942.0,B01
200700028467,1,1,1,1,0,11,0,0,0,1963.0,A01
200700021890,0,3,3,2,5,0,2,3,1,1993.0,A01
200700003408,0,3,4,1,5,0,1,5,2,1998.0,A01
200700011532,1,1,1,1,0,11,0,0,0,1966.0,A01
200700015407,1,1,4,1,5,11,0,0,0,1988.0,B01
200700077341,1,1,1,1,1,11,0,0,0,1979.0,B01
200700083981,1,1,1,2,5,11,0,0,0,1968.0,A01
200700045821,1,1,4,1,0,22,0,0,0,1960.0,A01
200700023146,1,1,1,1,5,11,0,0,0,1958.0,A01
200700007401,1,1,1,2,5,11,0,0,0,1941.0,A01
200700017732,1,1,4,1,4,21,0,0,0,1971.0,A01
200700021192,0,3,4,1,1,0,4,3,1,1962.0,A01
200700046458,1,1,1,1,5,11,0,0,0,1980.0,A01
200700040957,1,1,1,1,5,11,0,0,0,1964.0,A01
200700074043,1,1,1,1,5,11,0,0,0,1933.0,A01
200700061373,1,1,1,1,5,11,0,0,0,1965.0,A01
200700029659,1,1,4,1,1,11,0,0,0,1976.0,C01
200700028460,1,1,4,1,9,21,0,0,0,1989.0,A01
200700049242,0,3,4,1,9,0,4,3,2,1934.0,A01
200700077471,1,1,4,2,9,11,0,0,0,1966.0,B01
200700018723,1,1,3,1,5,21,0,0,0,1961.0,B02
200700044532,1,1,1,1,5,11,0,0,0,1944.0,A01
200700049950,0,3,4,1,5,0,1,3,1,1977.0,A01
200700040085,1,1,2,2,0,11,0,0,0,1936.0,A01
200700066240,1,1,1,1,1,11,0,0,0,1966.0,B01
200700035990,1,1,4,2,5,11,0,0,0,1960.0,A01
200700069484,4,2,4,1,0,11,0,0,0,1988.0,A01
200700048112,1,1,3,2,5,11,0,0,0,1976.0,A01
200700062004,1,1,1,1,1,21,0,0,0,1971.0,C01
200700062494,1,1,1,1,4,11,0,0,0,1980.0,A01
200700061485,1,1,3,1,5,11,0,0,0,1943.0,B02
200700053592,1,1,3,1,5,21,0,0,0,1954.0,B02
200700040854,1,1,4,1,5,11,0,0,0,1958.0,D04
200700066174,1,1,1,1,4,11,0,0,0,1964.0,B01
200700053577,2,2,4,2,0,11,0,0,0,1971.0,A01
200700016651,1,1,1,1,4,11,0,0,0,1968.0,B01
200700075860,1,1,4,2,5,21,0,0,0,1990.0,B02
200700039000,1,1,1,1,9,13,0,0,0,1978.0,A01
200700081392,1,1,1,1,0,11,0,0,0,1960.0,B01
200700006278,1,1,1,1,4,11,0,0,0,1964.0,A01
200700054678,1,1,1,2,0,13,0,0,0,1965.0,A01
200700039986,1,1,3,1,5,21,0,0,0,1960.0,A01
200700036831,3,2,3,2,0,31,0,0,0,2002.0,A01
200700048695,1,1,4,1,0,21,0,0,0,1956.0,A01
200700029487,1,1,4,1,2,23,0,0,0,1995.0,B01
200700027744,2,2,4,2,0,21,0,0,0,1992.0,B01
200700004803,1,1,4,2,5,11,0,0,0,1958.0,B01
200700012959,0,2,1,1,0,0,0,0,0,1975.0,A01
200700015338,1,1,4,2,0,11,0,0,0,1980.0,B01
200700084318,1,1,1,1,0,91,0,0,0,1935.0,A01
200700046566,1,1,4,1,5,11,0,0,0,1986.0,A01
200700023444,1,1,1,1,5,11,0,0,0,1986.0,A01
200700065543,1,1,1,1,0,93,0,0,0,1984.0,A01
200700042072,2,2,1,2,0,93,0,0,0,1916.0,B01
200700050953,1,1,4,1,5,11,0,0,0,1939.0,B01
200700010412,1,1,1,1,4,11,0,0,0,1960.0,A01
200700050236,1,1,1,1,0,11,0,0,0,1973.0,B01
200700037424,1,1,1,1,9,11,0,0,0,1951.0,A01
200700066188,2,2,4,1,0,11,0,0,0,1947.0,A01
200700030013,0,3,4,1,5,0,4,3,1,1945.0,A01
200700007566,2,2,4,2,0,11,0,0,0,1986.0,A01
200700001463,1,1,1,1,0,11,0,0,0,1960.0,A01
200700058631,5,2,4,2,0,32,0,0,0,2000.0,A01
200700081792,0,3,4,2,5,0,4,3,1,1988.0,A01
200700014201,2,2,4,2,0,11,0,0,0,1975.0,B01
200700072850,1,1,1,1,5,11,0,0,0,1938.0,D01
200700078908,2,2,4,2,0,11,0,0,0,1969.0,B01
200700069584,1,1,1,1,5,11,0,0,0,1988.0,B01
200700000911,1,1,3,2,1,11,0,0,0,1980.0,B02
200700006879,1,1,3,1,5,13,0,0,0,1986.0,A01
200700002391,1,1,4,2,5,11,0,0,0,1969.0,B01
200700028185,1,1,4,2,0,13,0,0,0,1979.0,A01
200700051439,1,1,4,1,5,12,0,0,0,1975.0,A01
200700007192,0,3,3,2,3,0,2,3,1,1924.0,A01
200700038726,1,1,1,1,4,11,0,0,0,1987.0,A01
200700016016,2,2,4,2,0,21,0,0,0,1993.0,B01
200700050964,1,1,1,1,5,11,0,0,0,1949.0,A01
200700076423,0,3,4,1,5,0,4,3,1,1938.0,A01
200700037633,1,1,1,1,0,21,0,0,0,1969.0,A01
200700066046,1,1,3,1,5,11,0,0,0,1968.0,A01
200700060484,1,1,1,2,9,11,0,0,0,1952.0,A01
200700046769,2,2,3,1,0,11,0,0,0,1988.0,A01
200700042155,0,3,3,1,0,0,2,3,1,1949.0,A01
200700001355,1,1,3,1,0,21,0,0,0,1957.0,B02
200700034980,1,1,1,1,3,11,0,0,0,1959.0,A01
200700025591,1,1,4,1,5,21,0,0,0,1989.0,B02
200700005980,1,1,4,1,1,21,0,0,0,1984.0,B01
200700041735,0,3,4,2,5,0,3,3,1,1981.0,A01
200700022217,1,1,1,1,1,11,0,0,0,1948.0,A01
200700056495,1,1,4,1,0,23,0,0,0,1956.0,A01
200700019261,5,2,1,2,0,13,0,0,0,1999.0,B02
200700005910,1,1,4,1,0,11,0,0,0,1982.0,B01
200700028575,1,1,1,1,0,93,0,0,0,1962.0,B01
200700060839,0,3,4,2,5,0,4,9,3,1992.0,A01
200700083134,3,2,1,2,0,11,0,0,0,1997.0,A01
200700001789,0,3,4,2,2,0,2,3,1,1997.0,A01
200700034784,1,1,4,1,0,21,0,0,0,1946.0,A01
200700030833,1,1,4,1,9,21,0,0,0,1959.0,A01
200700051400,1,1,1,1,1,11,0,0,0,1977.0,A01
200700065893,2,2,1,1,0,11,0,0,0,1980.0,A01
200700029298,1,1,1,1,5,11,0,0,0,1962.0,A01
200700016131,1,1,3,1,5,11,0,0,0,1952.0,A01
200700060432,1,1,3,1,2,11,0,0,0,1988.0,A01
200700051352,1,1,4,1,1,21,0,0,0,1985.0,A01
200700034593,2,2,3,1,0,11,0,0,0,1983.0,B01
200700027367,1,1,4,1,1,21,0,0,0,1991.0,B01
200700025512,1,1,4,2,5,11,0,0,0,1975.0,A01
200700064829,2,2,4,1,0,11,0,0,0,1987.0,A01
200700061077,1,1,2,1,5,11,0,0,0,1944.0,A01
200700026481,1,1,3,1,5,11,0,0,0,1986.0,A01
200700023136,0,3,4,2,5,0,2,3,1,1976.0,A01
200700000623,2,2,1,1,0,11,0,0,0,1976.0,A01
200700031536,3,2,4,2,0,11,0,0,0,1981.0,B01
200700078684,1,1,1,2,3,13,0,0,0,1974.0,A01
200700062510,1,1,1,1,5,11,0,0,0,1988.0,A01
200700024340,1,1,1,2,0,13,0,0,0,1961.0,A01
200700000245,1,1,4,2,0,11,0,0,0,1988.0,A01
200700055218,1,1,1,2,1,11,0,0,0,1969.0,B01
200700016276,1,1,4,2,5,13,0,0,0,1966.0,A01
200700043482,1,1,1,2,3,11,0,0,0,1946.0,B01
200700062864,1,1,4,1,9,21,0,0,0,1990.0,B01
200700009259,1,1,4,1,1,21,0,0,0,1981.0,B01
200700017900,1,1,4,1,5,21,0,0,0,1985.0,B01
200700041173,1,1,1,1,5,21,0,0,0,1988.0,B02
200700022215,1,1,3,1,0,11,0,0,0,1947.0,A01
200700027343,1,1,1,1,0,11,0,0,0,1944.0,B01
200700028802,1,1,1,1,5,11,0,0,0,1949.0,A01
200700001948,1,1,4,1,0,21,0,0,0,1955.0,B01
200700037037,0,3,3,1,5,0,0,5,1,2002.0,A01
200700073341,1,1,1,1,5,21,0,0,0,1951.0,B02
200700061296,1,1,1,1,4,11,0,0,0,1967.0,A01
200700016828,2,2,4,2,0,11,0,0,0,1967.0,B01
200700018195,2,2,4,2,0,13,0,0,0,1981.0,A01
200700008235,0,3,1,2,0,0,2,3,2,1988.0,A01
200700053301,2,2,1,2,0,11,0,0,0,1970.0,A01
200700035548,1,1,4,1,5,11,0,0,0,1947.0,B01
200700065970,1,1,4,1,0,11,0,0,0,1977.0,B01
200700020566,1,1,4,1,1,21,0,0,0,1961.0,B01
200700048350,2,2,3,2,0,11,0,0,0,1948.0,A01
200700040604,2,2,3,2,0,11,0,0,0,1975.0,B02
200700016680,1,1,1,1,3,11,0,0,0,1987.0,B01
200700062577,1,1,1,1,0,11,0,0,0,1969.0,B01
200700048708,1,1,1,2,1,11,0,0,0,1971.0,A01
200700015215,0,3,3,2,5,0,1,3,1,1971.0,A01
200700044216,0,3,3,2,0,0,4,3,1,1951.0,A01
200700019357,1,1,3,1,4,0,0,0,0,1950.0,A01
200700016063,1,1,1,1,5,11,0,0,0,1972.0,B01
200700031820,1,1,4,1,0,21,0,0,0,1954.0,A01
200700070057,1,1,1,1,5,11,0,0,0,1985.0,A01
200700023874,1,1,1,1,5,11,0,0,0,1986.0,A01
200700057352,1,1,1,1,1,11,0,0,0,1982.0,A01
200700015376,0,3,4,2,5,0,0,9,1,1943.0,A01
200700000095,1,1,3,1,5,22,0,0,0,1979.0,B02
200700029411,1,1,4,1,5,13,0,0,0,1983.0,A01
200700065722,0,3,3,1,5,0,2,3,1,1945.0,A01
200700033635,1,1,3,2,5,11,0,0,0,1969.0,B02
200700027487,0,3,2,1,9,0,4,3,1,1930.0,A01
200700061217,1,1,1,1,0,11,0,0,0,1964.0,B02
200700040071,1,1,3,2,1,21,0,0,0,1989.0,B02
200700015285,1,1,1,1,5,11,0,0,0,1979.0,A01
200700021860,1,1,1,2,5,11,0,0,0,1942.0,A01
200700019548,1,1,3,2,5,11,0,0,0,1983.0,A01
200700069034,1,1,4,2,0,11,0,0,0,1987.0,B01
200700004455,1,1,1,2,4,11,0,0,0,1968.0,A01
200700036250,1,1,1,1,1,13,0,0,0,1967.0,B01
200700002155,1,1,4,1,5,21,0,0,0,1990.0,A01
200700050749,1,1,1,1,0,11,0,0,0,1986.0,A01
200700015240,1,1,1,1,5,13,0,0,0,1985.0,A01
200700076626,2,2,4,2,0,13,0,0,0,1950.0,B01
200700005921,1,1,4,2,9,11,0,0,0,1983.0,B01
200700076683,0,3,3,2,5,0,3,3,1,2006.0,A01
200700047515,1,1,3,2,0,11,0,0,0,1976.0,A01
200700042231,1,1,1,1,5,13,0,0,0,1968.0,A01
200700035310,1,1,1,2,0,13,0,0,0,1975.0,B01
200700064547,1,1,1,1,5,11,0,0,0,1918.0,A01
200700060283,2,2,3,2,0,11,0,0,0,1939.0,B02
200700079361,4,2,4,1,0,11,0,0,0,1991.0,B01
200700023530,1,1,4,1,0,93,0,0,0,1983.0,B01
200700065316,1,1,4,1,0,21,0,0,0,1981.0,B01
200700040699,1,1,3,1,5,11,0,0,0,1982.0,B02
200700022351,0,3,4,2,0,0,4,3,1,1930.0,A01
200700058269,0,3,4,1,5,0,0,3,1,2003.0,A01
200700053039,1,1,3,1,5,11,0,0,0,1937.0,B02
200700074765,2,2,4,2,0,11,0,0,0,1995.0,B02
200700075283,4,2,4,1,0,11,0,0,0,1986.0,B02
200700043472,1,1,4,1,9,21,0,0,0,1963.0,B01
200700035169,1,1,4,2,2,21,0,0,0,1990.0,B01
200700084680,4,2,2,1,0,33,0,0,0,2006.0,C01
200700084360,1,1,4,1,5,13,0,0,0,1978.0,A01
200700038415,1,1,4,1,1,23,0,0,0,1949.0,A01
200700017834,1,1,1,2,1,11,0,0,0,1969.0,A01
200700080632,1,1,4,2,3,11,0,0,0,1982.0,B01
200700007725,1,1,4,1,1,21,0,0,0,1972.0,A01
200700007247,0,3,3,2,5,0,3,3,2,2006.0,A01
200700044454,1,1,3,1,5,21,0,0,0,1924.0,A01
200700076902,1,1,1,2,5,11,0,0,0,1983.0,B01
200700054330,1,1,3,1,5,11,0,0,0,1977.0,A01
200700050737,1,1,4,1,1,21,0,0,0,1987.0,B01
200700033317,2,2,3,1,0,11,0,0,0,1985.0,A01
200700058724,5,2,4,2,0,21,0,0,0,1972.0,A01
200700012961,1,1,4,1,1,11,0,0,0,1974.0,B02
200700013615,1,1,4,2,1,21,0,0,0,1971.0,B01
200700025594,8,2,1,2,0,0,0,0,0,1955.0,B02
200700022685,0,3,4,1,5,0,2,3,1,1982.0,A01
200700026662,1,1,1,2,5,11,0,0,0,1955.0,B02
200700035501,1,1,1,1,4,13,0,0,0,1955.0,B01
200700032077,1,1,3,1,1,11,0,0,0,1973.0,A01
200700009512,1,1,1,1,4,11,0,0,0,1961.0,A01
200700065888,1,1,4,2,0,11,0,0,0,1952.0,B01
200700068115,1,1,4,2,5,11,0,0,0,1983.0,B01
200700063369,1,1,3,1,9,21,0,0,0,1990.0,B01
200700000604,1,1,3,1,5,11,0,0,0,1972.0,A01
200700005124,3,2,4,2,0,11,0,0,0,1951.0,B01
200700007116,1,1,2,1,5,21,0,0,0,1991.0,A01
200700001829,2,2,4,1,0,31,0,0,0,2005.0,B01
200700059290,1,1,4,1,9,22,0,0,0,1989.0,A01
200700049864,1,1,4,1,5,11,0,0,0,1987.0,B01
200700042252,1,1,1,1,5,13,0,0,0,1987.0,B01
200700028463,1,1,4,1,4,11,0,0,0,1978.0,B01
200700080977,1,1,1,1,4,11,0,0,0,1957.0,A01
200700015721,0,3,3,2,5,0,3,3,2,1986.0,A01
200700024337,1,1,1,1,1,13,0,0,0,1957.0,A01
200700056213,2,2,1,2,0,11,0,0,0,1984.0,A01
200700043798,1,1,4,1,1,21,0,0,0,1984.0,A01
200700031034,1,1,4,2,9,13,0,0,0,1977.0,B01
200700009118,1,1,1,1,5,11,0,0,0,1933.0,A01
200700036375,1,1,4,1,5,11,0,0,0,1966.0,A01
200700022620,1,1,4,2,5,11,0,0,0,1968.0,B01
200700003176,1,1,1,1,0,11,0,0,0,1962.0,A01
200700042311,2,2,3,2,0,92,0,0,0,1963.0,A01
200700061008,2,2,3,2,0,11,0,0,0,1933.0,B02
200700002854,1,1,1,1,9,11,0,0,0,1966.0,B01
200700059132,1,1,4,2,2,11,0,0,0,1987.0,B01
200700005776,1,1,4,1,1,21,0,0,0,1979.0,A01
200700069841,1,1,1,1,5,11,0,0,0,1962.0,A01
200700056968,1,1,4,1,5,92,0,0,0,1995.0,A01
200700046935,1,1,1,1,5,11,0,0,0,1949.0,A01
200700074415,1,1,4,1,5,11,0,0,0,1976.0,A01
200700013967,1,1,3,1,1,21,0,0,0,1968.0,B01
200700047645,3,2,3,1,0,13,0,0,0,1984.0,A01
200700062865,4,2,4,1,0,11,0,0,0,2002.0,B01
200700027731,0,3,4,1,9,0,2,3,1,1982.0,A01
200700001021,4,2,1,1,0,11,0,0,0,1998.0,C03
200700044065,2,2,1,1,0,13,0,0,0,1978.0,A01
200700015711,1,1,3,2,0,11,0,0,0,1985.0,A01
200700056485,1,1,1,1,5,11,0,0,0,1985.0,A01
200700025374,1,1,1,1,5,11,0,0,0,1941.0,B02
200700062206,1,1,4,1,1,21,0,0,0,1983.0,B01
200700031217,1,1,1,1,5,11,0,0,0,1954.0,A01
200700049291,1,1,1,1,1,11,0,0,0,1964.0,B01
200700077032,1,1,1,1,1,11,0,0,0,1976.0,B01
200700023237,1,1,1,2,1,11,0,0,0,1981.0,A01
200700049497,1,1,1,1,0,11,0,0,0,1965.0,B01
200700007788,1,1,1,1,4,11,0,0,0,1979.0,A01
200700020823,0,3,4,1,9,0,2,5,1,1999.0,A01
200700081573,1,1,1,1,5,13,0,0,0,1974.0,B02
200700064775,1,1,1,1,0,23,0,0,0,1981.0,A01
200700061085,1,1,1,2,1,11,0,0,0,1984.0,A01
200700045872,1,1,4,1,5,23,0,0,0,1945.0,A01
200700008166,0,3,3,2,5,0,4,3,1,1928.0,A01
200700069107,1,1,1,1,0,11,0,0,0,1988.0,B01
200700028195,2,2,4,1,0,13,0,0,0,1986.0,A01
200700013972,1,1,1,1,4,11,0,0,0,1958.0,B01
200700036688,1,1,1,1,3,11,0,0,0,1937.0,A01
200700013986,1,1,4,2,0,13,0,0,0,1970.0,B01
200700049602,0,3,4,2,0,0,5,0,0,1992.0,A01
200700053315,1,1,4,1,5,11,0,0,0,1951.0,B02
200700063672,1,1,4,1,0,21,0,0,0,1963.0,A01
200700074290,1,1,1,1,5,11,0,0,0,1942.0,A01
200700058464,1,1,4,1,0,21,0,0,0,1973.0,A01
200700047637,1,1,3,1,5,21,0,0,0,1954.0,A01
200700000624,1,1,3,2,0,11,0,0,0,1974.0,A01
200700038910,1,1,1,2,1,11,0,0,0,1956.0,A01
200700047382,1,1,3,1,5,21,0,0,0,1983.0,A01
200700064607,0,3,4,2,9,0,2,3,2,2005.0,A01
200700033847,1,1,1,1,4,11,0,0,0,1954.0,A01
200700077595,1,1,1,1,9,13,0,0,0,1976.0,A01
200700062675,1,1,1,2,0,11,0,0,0,1980.0,A01
200700032449,1,1,3,2,1,11,0,0,0,1982.0,A01
200700038474,1,1,4,1,1,21,0,0,0,1983.0,B01
200700032218,1,1,3,1,5,21,0,0,0,1982.0,A01
200700053129,3,2,2,2,0,11,0,0,0,1986.0,A01
200700005436,1,1,1,2,3,11,0,0,0,1962.0,A01
200700006723,1,1,3,1,9,11,0,0,0,1974.0,B02
200700012818,1,1,1,2,1,11,0,0,0,1957.0,A01
200700043448,1,1,4,2,5,11,0,0,0,1981.0,A01
200700054150,1,1,4,1,5,0,0,0,0,1971.0,A01
200700041631,1,1,1,1,5,11,0,0,0,1981.0,A01
200700055180,1,1,1,1,4,11,0,0,0,1951.0,A01
200700009376,1,1,3,2,9,21,0,0,0,1988.0,B01
200700053928,1,1,4,1,5,11,0,0,0,1957.0,B02
200700075127,1,1,3,1,3,21,0,0,0,1977.0,B02
200700075078,1,1,3,1,1,11,0,0,0,1972.0,A01
200700037900,1,1,4,1,5,23,0,0,0,1996.0,B01
200700035325,1,1,1,1,0,23,0,0,0,1972.0,A01
200700059959,4,2,4,2,0,0,0,0,0,1994.0,A01
200700077316,1,1,4,1,0,11,0,0,0,1981.0,B01
200700073378,1,1,1,1,5,11,0,0,0,1930.0,A01
200700069286,2,2,4,2,0,11,0,0,0,1929.0,A01
200700082182,1,1,2,1,5,21,0,0,0,1988.0,A01
200700062469,1,1,1,1,0,11,0,0,0,1971.0,A01
200700053272,1,1,1,1,5,11,0,0,0,1957.0,A01
200700021336,1,1,1,1,9,13,0,0,0,1955.0,A01
200700055025,1,1,3,2,0,11,0,0,0,1961.0,A01
200700061634,1,1,1,2,2,11,0,0,0,1988.0,B02
200700069491,0,3,4,2,9,0,4,3,1,1955.0,A01
200700049263,1,1,3,1,1,21,0,0,0,1962.0,B01
200700083455,1,1,3,1,5,12,0,0,0,1988.0,A01
200700067379,1,1,1,1,5,11,0,0,0,1953.0,A01
200700070632,2,2,4,2,0,11,0,0,0,1940.0,A01
200700048831,1,1,4,1,0,21,0,0,0,1969.0,B01
200700067253,1,1,1,1,0,11,0,0,0,1971.0,A01
200700058817,1,1,4,1,5,11,0,0,0,1985.0,A01
200700057783,2,2,4,1,0,11,0,0,0,1984.0,B01
200700082487,1,1,1,1,5,0,0,0,0,1971.0,B02
200700077658,2,2,4,2,0,31,0,0,0,2005.0,A01
200700021696,2,2,4,2,0,11,0,0,0,1944.0,B01
200700057679,2,2,1,1,0,11,0,0,0,1967.0,A01
200700057669,0,3,4,2,5,0,4,3,1,1924.0,A01
200700046234,2,2,4,2,0,21,0,0,0,1970.0,A01
200700028012,1,1,1,2,2,13,0,0,0,1959.0,A01
200700005141,0,3,4,2,0,0,4,3,1,1957.0,A01
200700065344,1,1,4,1,9,21,0,0,0,1989.0,A01
200700001196,1,1,3,1,5,13,0,0,0,1922.0,A01
200700082762,5,2,1,1,0,11,0,0,0,1991.0,A01
200700018024,1,1,1,1,1,11,0,0,0,1973.0,C01
200700001059,2,2,3,1,0,11,0,0,0,1988.0,A01
200700077013,0,3,4,2,5,0,0,3,1,1984.0,A01
200700072053,1,1,1,2,4,12,0,0,0,1958.0,A01
200700056814,1,1,3,1,9,21,0,0,0,1947.0,A01
200700084035,1,1,3,1,5,22,0,0,0,1989.0,A01
200700043376,0,3,4,2,5,0,5,2,2,1986.0,A01
200700014638,2,2,4,2,0,13,0,0,0,1987.0,B01
200700075661,1,1,1,1,5,11,0,0,0,1943.0,A01
200700074773,1,1,3,1,3,11,0,0,0,1929.0,A01
200700001857,1,1,1,1,0,11,0,0,0,1964.0,B01
200700036269,1,1,2,1,5,13,0,0,0,1971.0,A01
200700073629,1,1,1,1,5,11,0,0,0,1930.0,A01
200700017882,1,1,1,1,1,11,0,0,0,1957.0,A01
200700033302,1,1,3,1,5,21,0,0,0,1952.0,A01
200700034398,1,1,4,1,0,21,0,0,0,1969.0,A01
200700046639,2,1,3,1,5,21,0,0,0,1948.0,A01
200700058660,0,3,3,1,5,0,8,5,2,2001.0,A01
200700000671,1,1,3,2,4,11,0,0,0,1980.0,A01
200700044995,1,1,1,2,0,21,0,0,0,1970.0,B01
200700001149,1,1,3,1,1,21,0,0,0,1972.0,A01
200700074860,2,2,1,2,0,11,0,0,0,1928.0,A01
200700059053,2,2,1,1,0,11,0,0,0,2007.0,B01
200700037486,1,1,1,2,4,11,0,0,0,1973.0,B01
200700078287,1,1,1,1,4,11,0,0,0,1971.0,A01
200700018244,1,1,1,1,0,11,0,0,0,1983.0,A01
200700065321,1,1,1,1,1,11,0,0,0,1968.0,A01
200700050765,1,1,1,1,3,11,0,0,0,1966.0,A01
200700060381,2,2,3,1,0,11,0,0,0,1941.0,A01
200700012136,2,2,1,2,0,11,0,0,0,1955.0,B02
200700075040,1,1,2,1,5,11,0,0,0,1975.0,A01
200700033990,1,1,1,1,4,11,0,0,0,1974.0,B02
