Num_Acc,senc,catv,occutc,obs,obsm,choc,manv,num_veh
200600019239,0,7,0,0,2,1,1,A01
200600000874,0,7,0,0,2,6,2,C01
200600030758,0,7,0,13,0,1,21,A01
200600072316,0,33,0,0,2,1,13,B02
200600074474,0,7,0,0,2,3,1,A01
200600016889,0,10,0,13,0,9,1,A01
200600056451,0,7,0,0,2,1,15,A01
200600038276,0,7,0,0,2,1,1,A01
200600060861,0,7,0,0,2,1,1,B01
200600033901,0,7,0,0,1,3,16,A01
200600025766,0,4,0,0,2,1,5,B01
200600065458,0,7,0,0,2,4,2,B01
200600031525,0,7,0,0,0,1,1,B02
200600025805,0,10,0,0,1,4,4,A01
200600006722,0,7,0,0,2,1,9,A01
200600072943,0,7,0,0,0,2,2,A01
200600030665,0,33,0,0,2,1,13,B02
200600060255,0,37,0,0,2,3,15,B01
200600007584,0,99,0,14,0,2,2,A01
200600006737,0,7,0,0,2,1,0,B02
200600074839,0,7,0,14,0,1,1,C03
200600074640,0,7,0,16,0,8,1,A01
200600071517,0,7,0,0,2,1,1,C03
200600031497,0,7,0,0,2,7,19,A01
200600066902,0,7,0,0,2,2,7,A01
200600072442,0,7,0,0,2,2,15,B02
200600018457,0,33,0,0,2,1,0,A01
200600061208,0,7,0,13,0,7,1,A01
200600059926,0,7,0,0,2,1,1,A01
200600028826,0,7,0,0,2,4,23,B01
200600039435,0,7,0,0,2,4,2,B01
200600066458,0,30,0,0,2,1,1,A01
200600019145,0,34,0,0,2,7,2,A01
200600043995,0,34,0,0,2,3,21,B02
200600008770,0,7,0,0,2,2,1,A01
200600064889,0,7,0,0,0,4,2,C01
200600074207,0,7,0,2,0,1,1,A01
200600070234,0,1,0,0,0,1,1,B01
200600039553,0,2,0,0,9,1,15,B01
200600016853,0,7,0,0,0,3,1,A01
200600000454,0,7,0,0,0,6,11,B01
200600026666,0,21,0,2,0,4,1,A01
200600045912,0,2,0,0,2,1,19,B02
200600056667,0,7,0,0,2,1,1,A01
200600040210,0,7,0,0,2,4,23,B01
200600056158,0,7,0,0,2,2,16,A01
200600002945,0,7,0,0,2,1,15,B01
200600069731,0,7,0,0,2,1,2,A01
200600019669,0,7,0,0,2,4,23,C01
200600075004,0,7,0,0,0,1,1,B02
200600079275,0,7,0,0,9,8,1,B01
200600078773,0,2,0,0,2,1,1,B01
200600008920,0,7,0,0,2,1,1,B01
200600045775,0,17,0,4,2,1,21,B02
200600037026,0,7,0,0,2,2,9,A01
200600012503,0,7,0,0,2,1,13,A01
200600021380,0,2,0,0,2,2,1,B01
200600066932,0,7,0,0,2,8,1,A01
200600079487,0,7,0,0,2,1,0,A01
200600003580,0,7,0,0,0,3,23,B01
200600013701,0,5,0,0,2,1,2,A01
200600004037,0,7,0,0,0,4,13,B01
200600014487,0,7,0,1,0,1,1,A01
200600051627,0,7,0,0,2,8,1,A01
200600009624,0,5,0,0,1,1,1,A01
200600066522,0,2,0,0,2,2,1,A01
200600073515,0,7,0,0,2,1,1,A01
200600033165,0,1,0,0,2,5,1,B01
200600045289,0,7,0,0,2,2,1,A01
200600010682,0,5,0,0,0,4,0,B01
200600035718,0,10,0,0,2,2,12,A01
200600071855,0,7,0,0,1,1,1,A01
200600078240,0,4,0,0,2,1,1,B01
200600074880,0,7,0,6,0,1,14,A01
200600027312,0,7,0,0,2,1,1,A01
200600011843,0,7,0,0,1,2,1,A01
200600082339,0,7,0,0,2,3,1,A01
200600082413,0,33,0,0,2,1,13,B02
200600076202,0,2,0,0,2,1,1,A01
200600025322,0,10,0,0,2,8,1,B01
200600040857,0,7,0,0,2,8,1,A01
200600026792,0,7,0,0,2,2,15,A01
200600011205,0,2,0,0,2,1,1,B01
200600018939,0,2,0,0,2,1,2,A01
200600067228,0,7,0,0,2,6,10,A01
200600044315,0,7,0,0,2,3,1,B02
200600046375,0,2,0,0,2,2,1,B02
200600037999,0,31,0,0,2,7,3,B01
200600068900,0,18,0,0,2,5,17,A01
200600012163,0,10,0,0,2,4,1,B01
200600002465,0,2,0,0,0,0,1,A01
200600070407,0,7,0,0,1,1,1,A01
200600012874,0,7,0,1,0,1,1,A01
200600072222,0,15,0,0,2,8,10,B02
200600075966,0,7,0,0,0,0,0,B01
200600016362,0,7,0,0,0,1,1,A01
200600036411,0,7,0,0,1,1,1,A01
200600045220,0,7,0,3,2,7,13,A01
200600054872,0,7,0,0,2,4,1,B01
200600069270,0,7,0,0,2,2,1,A01
200600076502,0,7,0,0,0,4,2,C01
200600033769,0,7,0,0,2,3,15,A01
200600034318,0,1,0,0,2,8,1,B01
200600017903,0,7,0,0,0,1,15,B02
200600041133,0,7,0,0,2,3,10,A01
200600074649,0,7,0,0,2,1,13,A01
200600033095,0,7,0,0,2,3,13,A01
200600031521,0,7,0,0,0,4,15,A01
200600052720,0,7,0,3,2,3,1,B02
200600066774,0,7,0,0,2,6,1,B01
200600012317,0,7,0,0,2,1,1,B01
200600016188,0,7,0,8,0,1,1,A01
200600057464,0,5,0,0,2,4,2,A01
200600062870,0,31,0,0,2,1,1,B01
200600066079,0,7,0,0,1,3,1,A01
200600052341,0,7,0,0,2,3,15,A01
200600054747,0,7,0,0,2,1,1,B01
200600071985,0,7,0,0,0,1,0,A01
200600051854,0,33,0,0,0,7,1,A01
200600032822,0,7,0,0,2,3,1,A01
200600056811,0,7,0,0,2,2,15,A01
200600069855,0,7,0,0,2,7,19,A01
200600056619,0,1,0,1,0,1,1,B01
200600000831,0,7,0,0,1,1,15,A01
200600028530,0,7,0,0,2,7,2,A01
200600081775,0,7,0,0,6,3,1,A01
200600053583,1,7,0,0,0,0,0,A01
200600034906,0,2,0,16,0,1,1,A01
200600081933,0,7,0,0,2,3,2,A01
200600062554,0,7,0,0,0,1,14,A01
200600070776,0,7,0,0,2,2,1,C01
200600039344,1,7,0,0,2,1,0,B01
200600079408,0,7,0,0,1,1,5,A01
200600017331,0,7,0,0,2,1,9,B02
200600003193,0,4,0,0,2,7,13,A01
200600022827,0,7,0,0,0,4,2,A01
200600008018,0,2,0,0,2,1,1,B01
200600011661,0,7,0,0,9,3,1,B01
200600051513,0,7,0,13,0,2,14,A01
200600075221,0,7,0,0,0,0,9,B01
200600070857,0,10,0,0,0,4,1,C01
200600005857,0,7,0,0,0,0,9,A01
200600064640,0,7,0,0,1,2,1,A01
200600069326,0,7,0,6,2,1,13,A01
200600010552,0,4,0,0,2,1,5,A01
200600063042,0,7,0,0,1,1,1,A01
200600040792,0,7,0,0,2,3,1,B01
200600013147,0,99,0,0,2,1,1,A01
200600046798,0,7,0,0,2,8,23,B02
200600047443,0,7,0,0,2,8,13,B01
200600004070,0,7,0,0,0,4,1,B01
200600017508,0,7,0,0,0,3,23,B02
200600042077,1,7,0,0,1,1,1,A01
200600059207,0,33,0,0,0,1,1,A01
200600016558,0,2,0,0,2,1,19,A01
200600001689,0,7,0,0,1,2,1,A01
200600015408,0,7,0,0,0,0,0,B02
200600011295,0,7,0,0,2,2,11,A01
200600016618,0,31,0,0,2,2,1,A01
200600012663,0,5,0,14,0,0,1,A01
200600040408,0,2,0,0,2,1,1,A01
200600053898,0,2,0,0,2,1,21,A01
200600065414,0,7,0,4,2,8,2,B01
200600056037,0,4,0,0,2,2,23,B01
200600008876,0,2,0,0,2,1,1,B01
200600012704,0,7,0,3,0,3,1,A01
200600025628,0,7,0,0,2,3,15,B01
200600051888,0,21,0,0,2,3,15,B02
200600000153,0,7,0,0,1,2,2,A01
200600019305,0,5,0,0,2,1,1,A01
200600027606,0,7,0,0,2,4,1,B01
200600064221,0,7,0,0,2,2,1,B01
200600060296,0,7,0,0,1,2,16,A01
200600044357,0,10,0,0,2,8,1,C03
200600019776,0,7,0,0,2,3,15,B01
200600078003,0,4,0,8,2,2,1,B01
200600051609,0,7,0,0,2,1,15,B02
200600044592,0,7,0,0,0,9,12,A01
200600010760,0,15,0,0,2,3,13,B01
200600061451,0,1,0,0,2,7,1,B01
200600020710,0,7,0,15,0,3,13,A01
200600072929,0,7,0,0,2,2,2,B02
200600067821,0,2,0,1,0,1,17,B01
200600021998,0,7,0,0,9,1,1,D01
200600006479,0,7,0,0,2,2,1,B02
200600016061,0,7,0,0,2,3,2,B02
200600028998,0,32,0,0,2,1,2,B01
200600063928,0,7,0,0,1,7,1,A01
200600054120,0,7,0,0,2,3,1,B01
200600068828,0,7,0,0,2,5,12,A01
200600047019,0,7,0,0,9,7,15,A01
200600009275,0,7,0,0,1,1,15,A01
200600013539,0,2,0,0,2,3,18,A01
200600010571,0,7,0,1,1,3,1,A01
200600053831,0,7,0,12,2,2,1,A01
200600007572,0,10,0,0,2,3,2,A01
200600012170,0,7,0,0,2,0,15,A01
200600068163,0,7,0,0,2,1,1,A01
200600070986,0,7,0,0,2,3,11,B01
200600082459,0,5,0,0,0,1,18,A01
200600040061,0,5,0,0,1,1,1,A01
200600078465,0,7,0,0,2,3,15,B01
200600043117,0,7,0,0,2,2,21,A01
200600053765,0,32,0,0,0,8,21,A01
200600061647,0,7,0,0,2,1,2,A01
200600026242,0,7,0,0,2,6,9,A01
200600043094,0,7,0,0,2,3,1,A01
200600042187,0,7,0,6,0,4,1,A01
200600035955,0,7,0,0,2,4,1,B01
200600001649,0,7,0,0,1,1,1,A01
200600079205,0,7,0,0,2,1,1,A01
200600066103,0,33,0,0,2,7,1,B01
200600083079,0,7,0,0,9,8,24,B01
200600026972,0,7,0,0,2,1,0,A01
200600074599,0,7,0,0,2,4,1,B02
200600066832,0,1,0,0,2,3,19,B01
200600012922,0,7,0,0,2,2,1,A01
200600083110,0,2,0,0,2,1,1,B01
200600076268,0,7,0,0,2,3,16,C01
200600057153,0,37,0,0,2,2,10,A01
200600036999,0,7,0,0,2,1,13,A01
200600061573,0,7,0,0,2,1,0,A01
200600030231,0,30,0,0,2,6,15,B02
200600059376,0,7,0,13,0,5,1,A01
200600001208,0,7,0,13,0,9,1,A01
200600005410,0,7,0,0,0,0,0,A01
200600080070,0,33,0,0,1,2,1,A01
200600026106,0,7,0,0,2,4,1,C01
200600020731,0,7,0,0,1,2,1,A01
200600060486,0,7,0,0,2,2,9,A01
200600055613,0,7,0,0,2,1,1,B01
200600037829,0,31,0,0,0,1,1,B01
200600001239,0,4,0,0,0,8,1,B01
200600053241,0,7,0,0,2,3,0,A01
200600001856,0,7,0,0,2,1,21,B01
200600066991,0,1,0,0,2,1,19,A01
200600070899,0,7,0,0,1,2,2,A01
200600001368,0,2,0,0,2,8,13,B01
200600000824,0,7,0,0,2,3,15,A01
200600060275,0,7,0,0,2,1,2,A01
200600075684,0,33,0,0,2,4,2,C01
200600060323,0,7,0,0,2,1,1,C01
200600007133,0,7,0,0,2,1,1,B02
200600044644,0,7,0,0,0,3,1,B02
200600067830,0,7,0,0,2,1,1,A01
200600005944,0,7,0,0,2,1,13,A01
200600019775,0,7,0,0,2,1,1,A01
200600004323,0,7,0,0,2,4,2,C01
200600027063,0,7,0,0,2,8,1,A01
200600058101,0,30,0,0,0,0,11,A01
200600068715,0,4,0,0,2,1,1,B01
200600080770,0,7,0,0,1,7,2,A01
200600074052,0,7,0,0,2,1,2,B02
200600011987,0,7,0,0,2,1,15,A01
200600013949,2,7,0,4,2,3,13,A01
200600023054,0,7,0,0,2,2,16,A01
200600006457,0,7,0,0,2,7,15,A01
200600063071,0,7,0,0,2,8,9,A01
200600012058,0,7,0,2,0,8,1,A01
200600052368,0,7,0,0,2,1,1,A01
200600009217,0,2,0,0,0,0,1,B01
200600042842,0,7,0,0,2,8,10,A01
200600015883,0,7,0,0,2,1,13,A01
200600001961,0,2,0,0,2,1,1,B01
200600012864,0,5,0,0,2,1,1,B01
200600053860,0,33,0,0,2,4,2,B01
200600047420,0,7,0,2,0,9,1,A01
200600014092,0,7,0,0,2,1,2,B01
200600057597,0,33,0,0,2,1,1,A01
200600035865,0,10,0,0,9,3,1,B01
200600064476,1,7,0,0,0,1,1,B01
200600068366,0,1,0,0,2,3,1,B01
200600026607,0,7,0,0,2,2,20,A01
200600032164,0,7,0,0,2,1,2,A01
200600006106,0,7,0,0,0,9,1,A01
200600021058,0,7,0,0,2,1,2,A01
200600059166,0,7,0,0,2,8,1,C03
200600045156,0,7,0,13,0,1,1,A01
200600043491,0,30,0,0,2,1,1,A01
200600051021,0,10,0,0,2,8,19,B02
200600059914,0,7,0,13,0,2,14,A01
200600050480,0,7,0,0,1,2,1,A01
200600023139,0,7,0,4,0,4,2,B01
200600063814,0,5,0,6,2,3,9,B01
200600024568,0,7,0,0,9,3,9,A01
200600062376,0,7,0,0,1,1,1,A01
200600025687,0,7,0,0,2,2,0,A01
200600058823,0,33,0,11,0,1,17,A01
200600066641,0,7,0,0,2,8,1,B01
200600052917,0,33,0,3,0,0,0,A01
200600036358,0,7,0,0,2,3,1,B01
200600036898,0,7,0,0,1,1,1,A01
200600010089,0,7,0,0,2,1,1,B01
200600049403,0,7,0,0,2,2,9,A01
200600012844,0,7,0,0,0,0,1,D01
200600019395,0,4,0,0,2,6,1,A01
200600007163,0,7,0,0,2,4,2,B02
200600025236,0,7,0,0,1,1,1,A01
200600026756,0,1,0,0,2,4,1,B01
200600064004,0,7,0,2,0,3,0,A01
200600010752,0,7,0,0,0,0,0,A01
200600036997,0,7,0,0,1,1,1,A01
200600041819,0,7,0,0,2,1,2,A01
200600002191,0,7,0,0,1,1,1,A01
200600025008,0,7,0,0,2,6,1,A01
200600038244,0,33,0,0,2,8,1,C01
200600045550,0,7,0,13,0,2,1,A01
200600057942,0,7,0,0,2,3,1,A01
200600000890,0,7,0,9,0,1,3,A01
200600047176,0,34,0,0,2,7,2,A01
200600058945,0,31,0,0,2,8,5,A01
200600005227,0,7,0,0,2,1,2,A01
200600039886,0,7,0,0,1,1,1,A01
200600054225,0,2,0,0,2,7,1,B01
200600017239,0,7,0,0,1,1,1,A01
200600054664,0,7,0,1,0,1,14,A01
200600022739,0,7,0,0,2,3,15,B01
200600071833,0,33,0,0,0,1,1,A01
200600053581,0,7,0,0,1,1,1,A01
200600054019,0,30,0,0,2,1,1,A01
200600071892,0,7,0,2,0,2,1,A01
200600083112,0,7,0,0,1,4,1,B01
200600022770,0,7,0,0,1,4,4,A01
200600055359,0,7,0,0,0,4,2,B01
200600052525,0,7,0,3,0,9,1,A01
200600073452,0,7,0,0,2,1,1,B02
200600019455,0,7,0,0,2,4,2,B01
200600082508,0,7,0,0,2,8,14,A01
200600028444,0,7,0,0,2,1,1,B01
200600026489,0,7,0,0,0,4,0,B01
200600005223,0,7,0,0,2,1,1,A01
200600069893,0,7,0,0,2,1,1,A01
200600040781,0,7,0,0,2,1,1,B01
200600014248,0,7,0,0,2,8,22,A01
200600022266,0,18,0,0,1,3,21,A01
200600066352,0,5,0,0,2,1,1,B01
200600046321,0,30,0,3,0,2,1,A01
200600020486,0,5,0,0,2,2,17,B01
200600015074,0,7,0,0,0,4,0,B01
200600036479,0,7,0,0,2,8,1,A01
200600041277,0,7,0,0,2,5,15,A01
200600049090,0,7,0,0,2,5,16,A01
200600076517,0,7,0,0,0,0,0,C01
200600061963,0,7,0,0,2,1,15,A01
200600013731,0,7,0,0,2,2,15,A01
200600053215,0,32,0,0,2,8,0,B01
200600000303,0,5,0,0,2,6,1,B01
200600004064,0,7,0,0,2,1,2,B01
200600083474,0,7,0,0,2,1,17,A01
200600052742,0,7,0,13,0,2,0,A01
200600041005,0,2,0,0,2,2,19,A01
200600061850,1,30,0,0,2,0,9,A01
200600054729,0,1,0,0,2,3,1,B01
200600023553,0,33,0,0,2,1,1,B02
200600009097,0,1,0,0,2,7,1,B01
200600000317,0,7,0,0,2,3,13,A01
200600008754,0,7,0,0,2,1,17,C01
200600060870,0,21,0,0,2,2,1,A01
200600064433,0,33,0,0,2,7,1,B01
200600014560,0,7,0,0,2,3,0,A01
200600031442,0,33,0,0,0,8,1,A01
200600000118,0,7,0,0,2,1,2,A01
200600037398,0,5,0,0,2,7,1,A01
200600071920,0,7,0,0,2,1,1,B02
200600013637,0,5,0,1,0,1,1,A01
200600039592,0,2,0,0,2,4,1,B01
200600082179,0,2,0,0,1,1,0,A01
200600017940,0,7,0,0,2,1,1,A01
200600052501,0,7,0,8,0,1,13,A01
200600025058,0,7,0,2,0,1,14,A01
200600027552,0,7,0,0,2,1,15,B01
200600049009,0,2,0,0,0,1,1,B01
200600067454,0,7,0,0,1,1,1,A01
200600055969,0,7,0,0,2,2,9,A01
200600057185,0,7,0,0,2,8,10,A01
200600027555,0,7,0,0,2,1,15,A01
200600027159,0,7,0,0,2,3,1,B01
200600072632,0,7,0,0,2,3,1,B02
200600019138,0,34,0,0,2,1,17,A01
200600011123,0,7,0,0,2,3,9,A01
200600070318,2,7,0,0,2,8,10,A01
200600028454,0,7,0,0,0,1,1,A01
200600060591,0,7,0,0,2,2,12,B01
200600019666,0,7,0,0,2,7,9,A01
200600022494,0,7,0,0,2,3,15,B01
200600071429,0,30,0,0,2,1,0,B02
200600004777,0,7,0,0,1,2,1,A01
200600042267,0,33,0,0,2,1,2,A01
200600019499,0,7,0,0,2,2,0,A01
200600030290,0,7,0,0,2,4,21,B02
200600042174,0,7,0,0,2,4,4,A01
200600064101,0,7,0,0,2,3,1,B01
200600008541,0,7,0,0,2,1,13,A01
200600031342,0,7,0,15,0,1,13,A01
200600080077,0,30,0,0,2,8,11,A01
200600070786,0,15,0,0,9,6,1,C01
200600023824,0,7,0,0,2,8,15,B02
200600010394,0,7,0,12,0,9,0,A01
200600065783,0,7,0,0,0,4,23,B01
200600030240,0,7,0,0,2,1,19,A01
200600021425,0,4,0,0,2,1,1,B01
200600051475,0,1,0,0,2,4,23,B02
200600039281,0,7,0,12,0,0,2,B01
200600011958,0,7,0,0,2,1,1,B01
200600041606,0,7,0,0,0,1,0,A01
200600061048,0,7,0,0,2,1,1,B01
200600001708,0,7,0,0,2,1,15,A01
200600035402,0,7,0,0,1,8,1,A01
200600033042,0,7,0,0,2,3,1,B01
200600036333,0,7,0,0,2,1,15,B01
200600011554,1,7,0,0,1,0,0,A01
200600058760,0,2,0,0,2,1,1,B02
200600048431,0,7,0,6,0,7,21,C01
200600060516,0,31,0,8,0,3,1,A01
200600014597,0,5,0,0,2,7,18,A01
200600071377,0,7,0,0,2,4,1,B02
200600073834,0,30,0,0,2,1,1,B02
200600080837,0,7,0,0,1,2,0,A01
200600043270,0,7,0,0,5,1,1,A01
200600032163,0,10,0,0,2,2,2,D04
200600047453,2,7,0,0,2,3,1,B01
200600053565,0,7,0,0,2,1,1,A01
200600053541,0,7,0,0,2,1,1,B01
200600016502,0,7,0,0,2,3,13,A01
200600044307,0,7,0,0,2,3,1,B02
200600032817,0,99,0,0,2,5,0,B01
200600047832,0,7,0,0,2,6,2,B01
200600065185,0,7,0,0,2,0,13,A01
200600009960,0,7,0,13,0,0,0,A01
200600062859,0,7,0,0,2,2,12,A01
200600049947,0,32,0,0,2,1,16,B01
200600010607,0,7,0,0,2,4,11,C01
200600017498,0,7,0,0,2,1,1,B02
200600069167,0,7,0,1,2,2,9,A01
200600027709,0,7,0,1,2,3,1,B01
200600079889,0,7,0,0,2,4,1,C01
200600046190,0,1,0,0,2,1,13,B02
200600042832,0,7,0,0,2,5,15,A01
200600059621,0,30,0,0,2,6,19,C03
200600009880,0,7,0,0,0,3,19,A01
200600062864,0,1,0,0,2,8,1,B01
200600045547,0,7,0,0,2,1,1,B02
200600059581,0,14,0,15,0,1,13,A01
200600057120,0,7,0,0,2,6,1,B01
200600004649,0,7,0,0,2,8,24,C03
200600077053,0,7,0,0,2,3,15,A01
200600075557,0,7,0,1,0,1,0,A01
200600014962,0,4,0,0,5,1,1,B01
200600060546,0,7,0,0,2,2,1,B01
200600030086,0,7,0,0,2,2,17,B02
200600060130,0,7,0,0,0,5,15,A01
200600012234,0,7,0,0,2,1,15,A01
200600043936,0,7,0,0,9,3,1,B02
200600003994,0,7,0,0,2,6,2,A01
200600005887,0,17,0,0,2,1,1,B02
200600050733,0,2,0,0,2,8,1,A01
200600053775,0,7,0,0,2,6,23,A01
200600023190,0,7,0,0,2,3,1,B01
200600078474,0,7,0,1,0,1,2,B01
200600068271,0,7,0,0,0,0,1,A01
200600068665,0,10,0,0,2,1,1,A01
200600078519,0,33,0,0,2,3,21,B01
200600071031,0,7,0,0,2,4,2,C01
200600057766,0,7,0,0,2,7,1,B01
200600058436,0,7,0,0,2,1,1,B02
200600051206,0,7,0,0,2,1,9,A01
200600023174,0,33,0,0,0,4,1,A01
200600068904,0,7,0,0,2,1,1,A01
200600019008,0,7,0,0,2,1,13,A01
200600013178,0,7,0,0,2,1,1,B01
200600009141,0,7,0,0,1,1,1,A01
200600058550,0,7,0,0,0,7,15,A01
200600038509,0,1,0,0,2,1,1,B01
200600034805,0,7,0,0,2,4,1,B01
200600008149,0,7,0,1,2,1,13,B01
200600025941,0,7,0,0,2,4,1,C01
200600044354,0,33,0,0,2,3,1,B02
200600063569,0,5,0,0,2,3,1,B01
200600052954,0,7,0,0,2,1,0,A01
200600032190,0,7,0,0,0,0,19,B02
200600065689,0,32,0,6,0,8,13,A01
200600069932,0,7,0,0,2,2,1,A01
200600066956,0,7,0,0,2,2,20,A01
200600045464,0,7,0,13,0,3,1,A01
200600052715,0,7,0,4,0,3,13,A01
200600034136,0,2,0,0,2,1,1,B01
200600024789,0,30,0,8,0,0,1,A01
200600039159,0,15,0,0,2,1,11,B01
200600072091,0,31,0,8,6,5,21,A01
200600050568,0,5,0,3,0,1,19,A01
200600050050,0,7,0,15,0,1,0,A01
200600019527,0,7,0,0,2,4,23,B01
200600078763,0,33,0,15,2,1,1,B01
200600011928,0,7,0,0,2,4,1,B01
200600040249,0,2,0,0,2,3,18,A01
200600061945,0,33,0,0,2,1,13,A01
200600016302,0,7,0,0,2,1,15,B02
200600001205,0,7,0,0,2,1,1,B01
200600042335,0,7,0,0,9,1,19,A01
200600075396,0,7,0,0,2,1,2,B01
200600023078,0,7,0,0,2,4,2,B01
200600079977,0,1,0,0,2,1,0,B01
200600032987,0,7,0,0,2,3,1,A01
200600055439,0,1,0,0,2,4,1,B01
200600012511,0,13,0,0,2,4,1,B01
200600073545,0,7,0,2,0,2,5,A01
200600062390,0,31,0,0,2,1,1,B01
200600071391,0,7,0,0,2,8,19,B02
200600045030,0,7,0,0,2,8,15,B02
200600083470,0,7,0,0,0,9,1,A01
200600023890,0,7,0,6,0,2,1,A01
200600012718,0,7,0,0,2,4,1,B01
200600006013,0,7,0,2,0,7,1,A01
200600040411,0,7,0,0,2,3,15,B01
200600067455,0,7,0,0,2,1,19,A01
200600007567,0,5,0,0,1,0,21,A01
200600054285,0,2,0,0,2,1,1,B01
200600046358,0,7,0,14,2,8,10,A01
200600058864,0,7,0,13,0,1,0,A01
200600027280,0,7,0,0,2,0,2,C01
200600071059,0,7,0,4,0,1,0,A01
200600077203,0,7,0,6,2,9,16,A01
200600024499,0,7,0,0,2,1,13,A01
200600053019,0,7,0,0,2,3,1,A01
200600056608,1,7,0,0,2,8,1,A01
200600010174,0,7,0,0,0,3,1,B01
200600032405,0,7,0,0,2,2,1,A01
200600012439,0,7,0,0,2,2,13,A01
200600063719,0,7,0,0,2,3,1,A01
200600062972,0,7,0,0,1,1,1,A01
200600077065,0,33,0,0,2,0,1,B01
200600040179,0,10,0,0,2,4,1,B01
200600015059,0,7,0,0,2,4,2,D01
200600033678,0,7,0,0,0,6,15,B01
200600038658,0,7,0,0,2,9,2,B01
200600052828,0,2,0,0,2,1,1,C03
200600081314,0,7,0,0,2,1,1,B01
200600008604,0,14,0,9,2,1,1,A01
200600010035,0,7,0,0,2,6,1,B01
200600009091,0,7,0,0,2,5,1,B01
200600083549,0,7,0,0,2,1,0,A01
200600038389,0,99,0,0,9,9,1,A01
200600026649,0,7,0,0,2,1,0,B01
200600004344,0,17,0,0,0,4,2,B01
200600035617,0,14,0,0,0,0,1,A01
200600072984,0,7,0,0,0,7,13,A01
200600039313,0,2,0,12,0,1,1,A01
200600055311,0,7,0,0,2,1,2,A01
200600080145,0,7,0,0,2,3,1,A01
200600079250,0,32,0,0,2,3,0,A01
200600003106,0,7,0,0,2,1,15,B01
200600079565,0,7,0,0,2,5,10,A01
200600035171,0,7,0,0,2,1,1,A01
200600039649,1,7,0,0,9,7,19,A01
200600008052,0,10,0,0,0,0,1,A01
200600032691,0,7,0,0,2,3,9,A01
200600029433,0,7,0,0,0,1,15,A01
200600037061,0,7,0,0,2,1,2,A01
200600036562,0,7,0,3,0,2,1,A01
200600060174,0,10,0,0,0,8,1,B02
200600032276,0,1,0,0,2,1,1,B02
200600032957,0,5,0,0,1,1,2,A01
200600004373,0,7,0,13,0,9,16,A01
200600009920,0,7,0,0,1,3,1,A01
200600058034,0,5,0,0,2,8,1,B01
200600075465,0,1,0,1,0,1,0,B01
200600041722,0,7,0,0,2,1,1,A01
200600007108,0,7,0,0,2,3,1,A01
200600005669,0,7,0,0,0,6,1,A01
200600070456,0,13,0,0,9,8,13,A01
200600029146,0,7,0,0,2,1,1,A01
200600079388,0,17,0,1,0,5,16,B01
200600066842,0,7,0,0,1,1,1,A01
200600034952,0,2,0,0,2,1,1,A01
200600037726,0,7,0,0,2,1,15,A01
200600060748,0,7,0,0,2,9,1,A01
200600007397,0,7,0,0,2,2,13,A01
200600038559,0,7,0,0,2,9,1,B01
200600023407,0,10,0,0,0,1,1,A01
200600042400,0,2,0,0,2,3,1,B02
200600059223,0,7,0,0,0,0,1,B02
200600005045,0,7,0,0,2,7,15,A01
200600034464,0,1,0,0,2,8,1,B01
200600040129,0,4,0,0,2,1,1,B01
200600075942,0,7,0,0,1,1,1,A01
200600071587,0,2,0,0,2,1,1,B02
200600055219,0,30,0,0,2,1,1,A01
200600068110,0,7,0,0,2,1,1,A01
200600007843,0,10,0,0,2,2,2,A01
200600007684,0,7,0,8,2,0,1,B01
200600030274,0,30,0,0,2,1,13,A01
200600021036,1,7,0,0,2,2,17,A01
200600018540,0,7,0,0,0,4,2,A01
200600040140,0,7,0,0,2,2,17,A01
200600051652,0,3,0,0,2,7,13,A01
200600067879,0,2,0,0,2,1,2,A01
200600036665,0,7,0,0,0,4,2,B01
200600044971,0,7,0,0,2,8,19,B02
200600047615,0,7,0,0,2,2,1,A01
200600066002,0,37,22,0,2,2,1,B01
200600000848,0,2,0,0,2,1,1,B01
200600007423,0,7,0,0,0,4,23,C01
200600014867,0,7,0,0,2,1,15,B01
200600040097,0,5,0,0,2,2,1,B01
200600008481,0,7,0,15,0,1,1,A01
200600073944,0,33,0,0,2,1,17,A01
200600043032,0,7,0,11,0,1,13,A01
200600064531,0,7,0,0,2,2,2,B01
200600013416,0,5,0,0,2,2,1,B01
200600064037,0,7,0,0,1,3,1,A01
200600037164,0,7,0,0,2,1,2,A01
200600047482,0,33,0,0,0,1,21,B01
200600042945,0,33,0,0,2,7,1,A01
200600080467,0,7,0,0,9,0,0,B01
200600018012,0,7,0,6,0,3,21,A01
200600016537,0,7,0,0,2,7,15,A01
200600060352,0,2,0,0,2,0,0,B01
200600041969,0,7,0,0,0,0,0,B01
200600027090,0,7,0,0,2,0,9,A01
200600039463,0,30,0,0,2,1,1,A01
200600072968,0,30,0,0,2,3,1,B02
200600002146,0,7,0,0,2,1,1,A01
200600043530,0,7,0,0,2,3,1,A01
200600065226,0,10,0,0,0,8,1,C01
200600046051,0,7,0,0,2,3,15,A01
200600049701,0,2,0,8,0,1,13,A01
200600044563,0,2,0,3,2,7,9,A01
200600025194,0,7,0,0,0,2,1,B01
200600002717,0,7,0,0,2,4,1,B01
200600069341,0,31,0,0,2,1,17,A01
200600041757,0,7,0,0,2,1,1,B01
200600078132,0,7,0,0,2,8,11,A01
200600013791,0,2,0,0,1,1,1,A01
200600025214,0,2,0,0,0,0,1,B01
200600079713,0,7,0,0,0,7,12,A01
200600044854,0,10,0,0,2,1,2,A01
200600075602,0,7,0,0,2,1,15,A01
200600029087,0,7,0,0,2,1,15,B01
200600013623,0,14,0,0,2,5,17,A01
200600020479,0,7,0,0,2,3,1,B01
200600051469,0,17,0,0,2,3,1,C03
200600029710,0,7,0,0,1,1,1,A01
200600014031,0,7,0,0,0,0,0,B01
200600010954,0,7,0,1,0,2,1,A01
200600083708,0,7,0,0,2,1,1,A01
200600030902,0,31,0,0,2,8,0,B02
200600033944,0,7,0,0,0,0,16,A01
200600035656,0,7,0,0,2,6,1,B01
200600019957,0,7,0,0,2,2,2,A01
200600040552,0,7,0,0,2,3,5,A01
200600057336,0,7,0,0,2,1,1,B01
200600017742,0,2,0,0,2,1,17,A01
200600049534,0,7,0,0,0,4,23,C01
200600048406,0,33,0,0,2,2,1,B01
200600009081,0,7,0,0,2,4,1,D01
200600028065,0,7,0,0,2,4,23,B01
200600064182,0,7,0,0,2,7,16,A01
200600081192,0,10,0,0,2,5,2,B02
200600044561,0,33,0,1,0,1,0,B02
200600030170,0,7,0,0,0,2,24,B02
200600051113,0,7,0,2,0,8,1,A01
200600033105,0,30,0,0,2,1,1,B01
200600042786,0,33,0,0,2,1,21,A01
200600024760,0,10,0,0,2,8,1,B02
200600028065,0,7,0,0,2,1,1,A01
200600012734,0,14,0,0,2,2,1,A01
200600043790,0,10,0,0,2,3,1,B02
200600000614,0,7,0,0,2,2,16,A01
200600026790,0,33,0,0,0,0,1,A01
200600070668,0,13,0,0,0,8,1,B01
200600044171,0,7,0,0,2,2,1,B02
200600019403,0,2,0,0,2,6,1,A01
200600007764,0,3,0,0,2,5,15,A01
200600022108,0,2,0,8,0,1,5,A01
200600078609,0,33,0,8,0,1,14,A01
200600012590,0,2,0,0,0,0,1,A01
200600047237,0,32,0,0,2,1,1,A01
200600033521,0,33,0,0,2,1,17,B01
200600008421,0,7,0,0,0,0,23,B01
200600022525,0,2,0,0,0,1,0,B01
200600045065,0,7,0,0,2,3,13,A01
200600042449,0,33,0,0,2,1,2,B02
200600057818,0,7,0,4,0,3,11,A01
200600053450,0,7,0,0,2,7,16,B01
200600023310,0,17,0,0,0,8,1,D01
200600038173,0,31,0,6,0,1,1,A01
200600032723,0,7,0,0,2,4,2,D01
200600011493,0,5,0,0,2,1,1,B01
200600028844,0,7,0,0,1,2,1,A01
200600066245,0,37,40,0,2,3,1,A01
200600068591,0,17,0,0,2,8,11,A01
200600066463,0,2,0,0,2,8,1,B01
200600046842,0,7,0,0,2,5,12,A01
200600044174,0,7,0,0,1,2,1,A01
200600021410,0,2,0,0,2,1,7,A01
200600019421,0,7,0,0,0,2,15,A01
200600027682,0,7,0,16,0,1,1,A01
200600029653,0,7,0,0,2,7,9,B01
200600083026,0,5,0,0,0,1,0,B01
200600014766,0,5,0,14,2,1,0,A01
200600057756,0,10,0,0,0,4,2,B01
200600022595,0,2,0,0,2,1,2,A01
200600024034,0,7,0,0,2,1,1,B02
200600008103,0,7,0,0,1,0,1,A01
200600027730,0,5,0,0,2,1,1,B01
200600017038,0,5,0,3,0,3,1,A01
200600026840,0,2,0,0,2,1,1,B01
200600050524,0,7,0,0,2,0,0,A01
200600026013,0,30,0,0,2,7,5,A01
200600017138,0,2,0,0,2,1,13,B02
200600036849,0,15,0,0,2,5,2,B01
200600005874,0,7,0,1,2,1,2,B02
200600003382,0,10,0,0,1,1,16,A01
200600049561,0,2,0,0,2,7,16,A01
200600002724,0,7,0,0,1,1,9,A01
200600066534,0,7,0,0,2,2,15,B01
200600021094,0,7,0,0,1,1,1,A01
200600015388,0,7,0,3,0,7,1,A01
200600057245,0,7,0,0,2,2,17,A01
200600039131,0,7,0,8,0,1,14,A01
200600055086,0,33,0,0,2,2,2,B01
200600022223,0,7,0,0,2,4,1,C01
200600032184,0,7,0,16,0,9,17,A01
200600036163,0,2,0,0,2,1,1,B01
200600062589,0,7,0,0,2,2,15,A01
200600047941,0,32,0,0,2,1,1,B01
200600030197,0,31,0,0,2,1,13,B02
200600011545,0,7,0,0,2,4,1,B01
200600079881,0,7,0,0,0,4,0,B01
200600049230,0,7,0,0,2,2,1,A01
200600047371,0,7,0,0,2,4,15,B01
200600042743,0,1,0,0,2,1,1,A01
200600006726,0,30,0,13,0,7,16,A01
200600049630,0,33,0,0,1,1,1,A01
200600059994,0,7,0,5,0,3,13,A01
200600022468,0,7,0,0,1,8,0,A01
200600029506,0,2,0,0,2,1,17,A01
200600068177,0,33,0,0,2,2,1,B01
200600038685,0,7,0,0,1,2,17,A01
200600065029,0,7,0,0,2,7,12,A01
200600079056,0,7,0,0,1,8,0,A01
200600073787,0,10,0,13,0,1,1,A01
200600001908,0,7,0,0,2,1,2,B01
200600046835,0,16,0,6,0,1,1,A01
200600053906,0,7,0,0,2,1,15,A01
200600018817,0,7,0,0,2,1,1,B02
200600070214,1,7,0,0,0,0,17,A01
200600038262,0,7,0,0,2,8,15,A01
200600019265,0,5,0,0,2,3,17,B01
200600045980,0,7,0,0,2,8,1,A01
200600033791,0,7,0,0,2,3,16,A01
200600003860,0,7,0,0,2,4,1,B01
200600006223,0,7,0,0,2,8,19,A01
200600042265,0,17,0,4,0,1,0,A01
200600018816,0,30,0,0,2,1,1,A01
200600012212,0,2,0,0,2,2,1,B01
200600041751,0,7,0,0,2,1,1,A01
200600072700,0,7,0,0,2,3,1,A01
200600072194,0,7,0,0,2,3,1,B02
200600014926,0,7,0,0,2,1,1,A01
200600079377,0,7,0,0,2,1,1,A01
200600045468,0,17,0,0,0,6,17,B02
200600042034,0,7,0,3,2,1,19,A01
200600040822,0,1,0,0,0,4,14,A01
200600051599,0,7,0,0,0,8,9,B02
200600024188,0,7,0,0,2,6,15,B02
200600045255,0,7,0,13,0,1,1,A01
200600071558,0,30,0,0,1,1,1,A01
200600000598,0,7,0,0,2,2,1,B01
200600062488,0,7,0,0,0,7,0,A01
200600007456,0,7,0,0,2,2,0,A01
200600052363,0,7,0,0,2,6,19,A01
200600064032,0,7,0,0,2,1,1,C01
200600029285,0,7,0,0,2,8,10,A01
200600016247,0,7,0,13,0,1,17,A01
200600046710,0,7,0,0,2,1,16,A01
200600082598,0,32,0,0,2,1,1,B02
200600053703,0,7,0,0,0,9,1,A01
200600072110,0,7,0,0,0,3,15,B02
200600030394,0,30,0,0,2,8,1,B02
200600061433,0,7,0,0,2,1,1,B01
200600071424,0,7,0,0,2,3,15,A01
200600068809,0,7,0,0,2,2,16,B01
200600024080,0,7,0,0,2,1,0,B02
200600038302,0,1,0,0,2,4,2,B01
200600054982,0,7,0,0,9,1,1,B01
200600058361,0,7,0,0,1,2,2,A01
200600038553,0,7,0,0,2,1,1,B01
200600047575,0,33,0,0,2,7,1,B01
200600002655,0,10,0,0,2,2,1,B01
200600032130,0,17,0,0,2,4,1,D04
200600018990,0,7,0,0,2,1,1,A01
200600034081,0,7,0,0,2,3,2,B01
200600068426,0,33,0,0,0,1,1,B01
200600019363,0,7,0,0,2,3,2,A01
200600045749,0,2,0,0,0,1,1,B02
200600002427,0,5,0,0,1,1,1,A01
200600082615,0,7,0,0,2,2,1,B02
200600068300,0,34,0,0,2,8,1,B01
200600083306,0,7,0,0,2,2,14,A01
200600027373,0,7,0,0,2,1,1,A01
200600008158,0,2,0,0,2,2,1,A01
200600080684,0,7,0,0,1,1,1,A01
200600022859,0,5,0,0,2,0,2,A01
200600009549,0,7,0,0,2,8,15,A01
200600026018,0,7,0,2,0,7,1,A01
200600072976,0,7,0,0,1,1,1,A01
200600072618,0,7,0,0,2,3,1,B02
200600046153,0,7,0,0,0,8,15,B02
200600013148,0,7,0,0,2,1,1,A01
200600081940,0,7,0,0,2,1,0,A01
200600008262,0,2,0,0,2,1,1,A01
200600064254,0,7,0,0,2,2,1,B01
200600037463,0,7,0,0,0,0,21,A01
200600019981,0,30,0,0,2,1,2,A01
200600036234,0,7,0,0,2,8,15,B01
200600042237,0,7,0,0,2,3,15,B01
200600009958,0,7,0,6,0,1,19,A01
200600006320,0,7,0,0,2,3,1,A01
200600011030,0,7,0,0,2,1,1,C01
200600071183,0,7,0,13,0,0,0,A01
200600015153,0,7,0,0,2,4,2,D01
200600064985,0,7,0,0,2,8,1,B01
200600009660,0,7,0,0,2,2,1,B01
200600074495,0,7,0,0,2,8,19,A01
200600034562,0,7,0,0,2,1,1,B01
200600019347,0,7,0,0,2,8,1,B01
200600062737,0,2,0,0,2,1,2,A01
200600008344,0,4,0,0,2,1,1,A01
200600054655,0,7,0,1,0,1,14,A01
200600011684,0,7,0,0,2,3,15,A01
200600004288,0,7,0,4,0,6,1,A01
200600000583,0,7,0,0,0,9,1,A01
200600049612,0,7,0,0,1,1,1,A01
200600045439,0,7,0,0,0,1,14,A01
200600012026,0,7,0,0,2,3,23,D01
200600050560,0,7,0,4,2,9,13,A01
200600005555,0,7,0,0,2,2,19,A01
200600078331,0,2,0,0,2,1,1,A01
200600028891,0,7,0,0,1,1,1,A01
200600043947,0,33,0,0,2,1,1,B02
200600031361,0,32,0,0,2,1,2,B02
200600025734,0,7,0,0,9,1,2,A01
200600044305,0,33,0,0,2,1,17,A01
200600047890,0,1,0,0,2,1,0,B01
200600018789,0,33,0,0,0,7,21,A01
200600036973,1,7,0,0,2,1,1,A01
200600030037,0,2,0,0,1,1,1,A01
200600020122,0,7,0,0,2,2,12,A01
200600049347,0,2,0,0,0,0,1,A01
200600031111,0,2,0,0,1,2,2,A01
200600075306,0,2,0,8,0,0,14,A01
200600011018,0,7,0,4,0,3,1,A01
200600056813,0,7,0,0,1,6,20,A01
200600049910,0,7,0,0,2,5,2,B01
200600056996,0,1,0,0,2,1,1,B01
200600057739,0,7,0,0,2,3,11,B01
200600009431,0,7,0,0,2,2,16,B01
200600024223,0,7,0,0,2,8,20,A01
200600012506,0,7,0,0,2,1,1,A01
200600005543,0,7,0,0,2,1,1,B02
200600000023,0,1,0,0,2,1,1,B01
200600074500,0,7,0,0,2,8,1,A01
200600063415,0,2,0,0,2,1,23,B01
200600069049,0,7,0,0,2,4,1,C01
200600020090,0,7,0,0,2,1,1,B01
200600019351,0,7,0,0,1,0,0,A01
200600051020,0,31,0,0,9,1,0,A01
200600077528,0,7,0,14,2,8,19,A01
200600014979,0,7,0,0,2,6,1,C01
200600078840,0,7,0,0,2,1,1,A01
200600060923,0,7,0,0,2,1,1,A01
200600063437,0,7,0,0,2,8,15,B01
200600002428,0,2,0,0,2,1,1,B01
200600025283,0,7,0,0,2,1,0,A01
200600033408,0,7,0,0,2,7,16,B01
200600053030,0,7,0,0,0,5,12,A01
200600039417,0,7,0,0,2,1,1,B01
200600017995,0,2,0,0,2,1,19,A01
200600011880,0,5,0,0,2,4,1,B01
200600057385,1,30,0,0,0,0,0,A01
200600026882,0,7,0,0,2,3,15,A01
200600061260,0,33,0,0,2,0,1,A01
200600022992,0,7,0,0,2,0,1,B01
200600058617,0,7,0,0,2,8,19,A01
200600039952,0,33,0,0,0,1,1,B01
200600034023,0,10,0,0,1,7,1,A01
200600076941,0,7,0,0,1,2,1,A01
200600040249,0,7,0,0,2,2,16,B01
200600074863,0,2,0,0,2,1,1,B02
200600045025,0,7,0,0,9,2,1,A01
200600080584,0,7,0,0,2,3,1,C03
200600072870,0,7,0,0,2,1,1,C03
200600077640,0,7,0,0,2,1,13,A01
200600018119,0,31,0,11,0,1,1,A01
200600047596,0,7,0,0,1,7,1,A01
200600040666,0,7,0,0,2,1,1,B01
200600034595,0,7,0,0,2,8,1,C01
200600010422,0,7,0,0,1,6,1,A01
200600026530,0,7,0,0,2,1,1,C01
200600043306,0,7,0,8,0,1,13,A01
200600047455,0,7,0,0,2,8,0,B01
200600030024,0,10,0,0,2,1,1,B02
200600000220,0,7,0,0,2,1,1,B01
200600021771,0,5,0,0,2,3,1,B01
200600051942,0,1,0,0,0,1,13,B02
200600005147,0,7,0,2,0,1,21,A01
200600011119,0,7,0,0,9,2,1,A01
200600049089,0,2,0,0,2,2,17,B01
200600043505,0,7,0,13,0,3,1,A01
200600044002,0,33,0,0,2,9,1,A01
200600023389,0,2,0,0,0,0,0,A01
200600009653,0,4,0,0,2,1,1,A01
200600011159,0,7,0,0,2,6,1,B01
200600007331,0,7,0,0,2,3,1,B02
200600045149,0,1,0,0,2,4,15,A01
200600005989,0,17,0,0,0,4,1,B02
200600076678,0,1,0,0,9,7,1,A01
200600010208,0,7,0,1,0,2,14,A01
200600049789,0,7,0,0,2,1,2,B01
200600027684,0,7,0,0,1,1,1,A01
200600059452,0,31,0,1,2,7,1,C03
200600058258,0,33,0,1,2,1,1,B02
200600031786,0,7,0,0,2,3,1,B02
200600024217,0,7,0,8,0,1,1,A01
200600074842,0,7,0,0,2,1,1,B02
200600020825,0,7,0,0,2,4,23,C01
200600026107,0,7,0,0,2,1,1,A01
200600073204,0,7,0,13,0,1,21,A01
200600006888,0,2,0,0,0,8,19,B02
200600080579,0,7,0,0,2,1,1,C03
200600002189,0,7,0,0,2,1,23,B01
200600067991,0,1,0,0,2,7,1,B01
200600037042,0,2,0,0,2,1,17,B01
200600041226,0,7,0,0,1,1,16,A01
200600018137,0,7,0,13,0,3,0,A01
200600001021,0,7,0,0,2,3,1,A01
200600025374,0,7,0,5,0,7,1,A01
200600060125,0,7,0,0,2,2,1,A01
200600017818,0,33,0,0,2,1,1,A01
200600013854,0,7,0,0,2,2,15,A01
200600018997,0,7,0,0,2,3,9,A01
200600066547,0,7,0,0,2,1,2,A01
200600040023,0,7,0,0,2,5,1,B01
200600028523,0,7,0,0,1,1,1,A01
200600029396,0,37,0,0,0,5,9,A01
200600014837,0,7,0,0,2,3,0,C01
200600012386,0,7,0,0,1,2,1,A01
200600051471,0,7,0,0,1,1,1,A01
200600059752,1,7,0,0,2,5,15,A01
200600058229,0,30,0,0,2,1,19,A01
200600076390,0,7,0,0,2,1,2,A01
200600029574,0,7,0,0,2,7,1,A01
200600019510,0,7,0,0,1,1,1,A01
200600025172,0,20,0,0,2,4,1,C03
200600028909,0,7,0,0,2,4,1,B01
200600053121,0,7,0,12,0,1,17,A01
200600082220,0,7,0,0,2,3,0,B01
200600018641,0,7,0,13,0,9,1,A01
200600056665,0,7,0,0,2,1,1,A01
200600067451,0,7,0,0,2,3,1,B01
200600048528,0,7,0,0,2,8,15,A01
200600029956,0,1,0,0,2,1,0,B01
200600026860,0,13,0,0,1,1,15,A01
200600065822,0,7,0,0,0,0,0,B01
200600059489,0,36,0,12,0,1,1,A01
200600046584,0,33,0,0,2,8,1,A01
200600068442,0,1,0,0,0,3,1,B01
200600021379,0,5,0,0,2,1,1,A01
200600056732,0,7,0,0,1,1,1,A01
200600083281,0,2,0,0,2,1,1,A01
200600068042,0,2,0,0,2,8,13,A01
200600071030,0,7,0,0,2,2,14,A01
200600023216,1,7,0,0,1,1,1,A01
200600020992,0,7,0,0,2,4,1,C01
200600021439,0,4,0,12,0,2,14,A01
200600037667,0,10,0,0,2,1,1,A01
200600064268,0,7,0,0,2,3,1,B01
200600018191,0,99,0,0,0,8,1,A01
200600013078,0,2,0,0,2,1,1,B01
200600068525,0,7,0,0,2,2,15,B01
200600046489,0,7,0,0,2,1,1,B02
200600056599,0,7,0,0,9,8,9,A01
200600025722,0,4,0,0,0,1,0,B01
200600030960,0,33,0,0,2,1,1,B02
200600060576,0,5,0,0,2,1,1,A01
200600025659,0,7,0,0,2,2,0,A01
200600060066,0,7,0,0,2,1,1,B02
200600005458,0,2,0,0,2,1,1,B02
200600025977,0,7,0,0,2,3,1,A01
200600050192,0,7,0,0,2,4,16,B01
200600008952,0,7,0,0,2,8,1,B01
200600041789,0,5,0,0,2,5,2,B01
200600016371,0,17,0,0,2,3,1,B02
200600059289,0,7,0,0,1,7,2,A01
200600065764,0,7,0,0,1,1,1,A01
200600082077,0,1,0,0,2,7,1,A01
200600045245,0,14,0,0,2,3,1,A01
200600009571,0,4,0,0,1,1,1,A01
200600061351,0,7,0,8,0,1,13,A01
