Num_Acc,catr,voie,v1,v2,circ,nbv,pr,pr1,vosp,prof,plan,lartpc,larrout,surf,infra,situ,env1
201500006101,3,486.0,,,2.0,2.0,34.0,565.0,0.0,2.0,3.0,0.0,60.0,1.0,0.0,3.0,0.0
201500053492,4,0.0,,,2.0,4.0,,,3.0,1.0,1.0,5.0,120.0,1.0,0.0,1.0,0.0
201500019755,3,5.0,,,2.0,1.0,12.0,500.0,0.0,0.0,1.0,0.0,0.0,2.0,0.0,3.0,0.0
201500043970,4,,,,2.0,1.0,,,1.0,1.0,3.0,,,1.0,5.0,1.0,99.0
201500017151,4,0.0,,,0.0,0.0,0.0,0.0,0.0,1.0,0.0,0.0,0.0,0.0,0.0,0.0,0.0
201500045037,1,4.0,,,3.0,5.0,3.0,0.0,0.0,1.0,1.0,20.0,175.0,2.0,0.0,1.0,99.0
201500000907,3,38.0,,,2.0,0.0,33.0,800.0,0.0,1.0,1.0,0.0,71.0,1.0,0.0,1.0,99.0
201500037668,3,3.0,,,2.0,0.0,,,0.0,1.0,1.0,0.0,0.0,1.0,0.0,1.0,99.0
201500050655,4,0.0,,,1.0,1.0,,,0.0,1.0,1.0,0.0,0.0,2.0,0.0,1.0,0.0
201500039970,3,0.0,,,2.0,2.0,,,0.0,1.0,1.0,0.0,0.0,2.0,0.0,1.0,99.0
201500023357,4,0.0,,,1.0,1.0,,,0.0,1.0,1.0,0.0,0.0,1.0,0.0,1.0,0.0
201500006753,3,26.0,,0,2.0,2.0,26.0,56.0,0.0,0.0,1.0,0.0,71.0,2.0,5.0,3.0,0.0
201500023194,2,250.0,,,2.0,1.0,40.0,825.0,0.0,1.0,1.0,0.0,60.0,1.0,0.0,1.0,99.0
201500012972,3,991.0,,,2.0,0.0,3.0,430.0,0.0,1.0,0.0,0.0,0.0,2.0,0.0,0.0,99.0
201500003915,3,15.0,,,2.0,2.0,6.0,800.0,0.0,1.0,1.0,0.0,50.0,2.0,0.0,1.0,0.0
201500048687,4,0.0,,,3.0,2.0,,,0.0,1.0,1.0,0.0,75.0,1.0,0.0,1.0,0.0
201500032495,6,0.0,,,0.0,0.0,0.0,0.0,0.0,1.0,1.0,0.0,0.0,2.0,0.0,0.0,0.0
201500019539,4,0.0,,,2.0,2.0,,,0.0,1.0,1.0,0.0,0.0,1.0,0.0,1.0,99.0
201500010526,3,3.0,,,2.0,2.0,,,0.0,4.0,3.0,0.0,0.0,1.0,0.0,1.0,99.0
201500051529,4,0.0,,,1.0,2.0,,,0.0,1.0,1.0,0.0,0.0,2.0,0.0,1.0,99.0
201500052006,4,0.0,,,0.0,3.0,,,0.0,1.0,1.0,0.0,0.0,1.0,0.0,0.0,99.0
201500016431,3,401.0,,,3.0,4.0,0.0,100.0,2.0,1.0,1.0,0.0,0.0,1.0,0.0,1.0,0.0
201500042612,3,0.0,,,3.0,1.0,,,0.0,1.0,1.0,0.0,0.0,2.0,6.0,1.0,3.0
201500019115,3,33.0,,,2.0,2.0,0.0,0.0,,1.0,1.0,,,1.0,5.0,1.0,99.0
201500003026,3,26.0,,B,2.0,0.0,0.0,300.0,0.0,1.0,3.0,0.0,0.0,2.0,0.0,1.0,99.0
201500041648,2,,,,3.0,2.0,,,0.0,1.0,1.0,0.0,0.0,1.0,0.0,3.0,0.0
201500036519,3,449.0,,,2.0,2.0,0.0,400.0,0.0,1.0,1.0,0.0,0.0,2.0,0.0,1.0,0.0
201500035642,3,741.0,,,2.0,2.0,3.0,500.0,0.0,2.0,2.0,0.0,70.0,2.0,0.0,1.0,99.0
201500029044,9,0.0,,,2.0,2.0,,,0.0,2.0,1.0,0.0,0.0,1.0,0.0,1.0,0.0
201500042860,4,0.0,,,2.0,2.0,,,0.0,1.0,1.0,0.0,0.0,1.0,0.0,1.0,3.0
201500044759,1,4.0,,,3.0,4.0,10.0,215.0,0.0,1.0,1.0,30.0,120.0,1.0,0.0,1.0,99.0
201500041682,3,0.0,,,2.0,3.0,,,0.0,1.0,1.0,0.0,900.0,1.0,0.0,0.0,99.0
201500007268,3,474.0,,,2.0,0.0,48.0,0.0,0.0,0.0,3.0,0.0,110.0,1.0,0.0,1.0,99.0
201500049320,1,351.0,,A,3.0,2.0,3.0,250.0,0.0,1.0,1.0,20.0,70.0,1.0,0.0,1.0,0.0
201500002727,3,810.0,,,2.0,0.0,103.0,520.0,0.0,1.0,1.0,0.0,0.0,1.0,0.0,1.0,0.0
201500000613,3,125.0,,,2.0,2.0,6.0,421.0,0.0,1.0,1.0,,,1.0,0.0,0.0,0.0
201500012702,1,35.0,,A,3.0,2.0,0.0,0.0,0.0,1.0,2.0,20.0,70.0,1.0,0.0,1.0,0.0
201500010014,4,0.0,,,2.0,2.0,,,0.0,0.0,1.0,0.0,0.0,1.0,0.0,1.0,0.0
201500027058,4,0.0,,,3.0,3.0,,,0.0,1.0,1.0,0.0,100.0,1.0,0.0,1.0,99.0
201500017355,3,212.0,,,2.0,2.0,0.0,0.0,0.0,0.0,0.0,0.0,0.0,1.0,5.0,1.0,99.0
201500001567,4,,,,2.0,2.0,,,0.0,1.0,1.0,,,2.0,0.0,1.0,99.0
201500005673,4,0.0,,,0.0,1.0,,,0.0,1.0,0.0,0.0,47.0,1.0,0.0,1.0,0.0
201500041362,3,0.0,,,1.0,3.0,0.0,1.0,0.0,1.0,1.0,0.0,0.0,1.0,0.0,1.0,99.0
201500027834,3,901.0,,,3.0,4.0,28.0,534.0,0.0,2.0,3.0,0.0,0.0,1.0,0.0,1.0,0.0
201500051725,4,0.0,,,0.0,0.0,,,0.0,1.0,2.0,0.0,100.0,1.0,0.0,1.0,99.0
201500055256,4,0.0,,,2.0,2.0,,,0.0,2.0,1.0,20.0,60.0,2.0,0.0,1.0,0.0
201500013836,4,0.0,,,1.0,0.0,,,0.0,1.0,1.0,0.0,0.0,1.0,0.0,1.0,0.0
201500049864,1,57.0,,,0.0,2.0,5.0,0.0,0.0,1.0,1.0,15.0,70.0,1.0,0.0,1.0,99.0
201500053334,4,0.0,,,2.0,0.0,,,3.0,1.0,1.0,0.0,0.0,1.0,0.0,1.0,0.0
201500012008,1,1.0,,A,3.0,2.0,218.0,980.0,0.0,1.0,1.0,35.0,0.0,1.0,2.0,1.0,0.0
201500055999,4,0.0,,,2.0,3.0,,,3.0,1.0,1.0,0.0,90.0,2.0,0.0,1.0,0.0
201500022205,4,,,,1.0,3.0,,,0.0,1.0,1.0,0.0,91.0,1.0,0.0,1.0,0.0
201500015154,4,0.0,,,2.0,2.0,,,0.0,1.0,1.0,0.0,40.0,1.0,0.0,1.0,0.0
201500018875,3,233.0,,,2.0,2.0,4.0,800.0,0.0,1.0,1.0,0.0,50.0,1.0,0.0,1.0,0.0
201500011211,4,0.0,,,2.0,4.0,,,0.0,1.0,1.0,0.0,0.0,1.0,0.0,1.0,0.0
201500007641,3,82.0,,,2.0,2.0,5.0,500.0,0.0,1.0,2.0,0.0,68.0,1.0,0.0,1.0,99.0
201500017194,4,0.0,,,2.0,1.0,,,0.0,1.0,2.0,0.0,30.0,1.0,0.0,1.0,0.0
201500045322,1,115.0,,,3.0,4.0,10.0,600.0,0.0,2.0,2.0,,,2.0,3.0,1.0,3.0
201500001222,3,183.0,,,2.0,1.0,5.0,600.0,0.0,2.0,3.0,0.0,0.0,2.0,0.0,1.0,99.0
201500022347,4,0.0,,,2.0,0.0,,,0.0,1.0,1.0,1.0,1.0,1.0,5.0,1.0,99.0
201500009763,4,0.0,,,2.0,2.0,0.0,0.0,0.0,1.0,1.0,0.0,59.0,1.0,0.0,1.0,0.0
201500035373,4,0.0,,,1.0,1.0,,,0.0,1.0,1.0,0.0,0.0,1.0,0.0,1.0,99.0
201500043108,4,0.0,,,0.0,0.0,,,0.0,1.0,0.0,0.0,0.0,1.0,0.0,1.0,0.0
201500013910,3,908.0,,,2.0,0.0,,,0.0,1.0,0.0,0.0,60.0,1.0,0.0,0.0,0.0
201500007028,3,209.0,,,2.0,1.0,,,0.0,1.0,4.0,0.0,41.0,1.0,0.0,3.0,99.0
201500027022,4,,,,2.0,2.0,,,0.0,3.0,1.0,0.0,80.0,1.0,0.0,1.0,99.0
201500003426,4,,,,2.0,2.0,,,0.0,0.0,1.0,0.0,115.0,1.0,6.0,1.0,0.0
201500047405,1,6.0,,,3.0,6.0,19.0,931.0,0.0,1.0,1.0,15.0,210.0,1.0,0.0,1.0,99.0
201500044420,2,193.0,,,2.0,4.0,1.0,290.0,0.0,1.0,1.0,0.0,140.0,1.0,0.0,1.0,0.0
201500044715,1,4.0,,,3.0,4.0,13.0,400.0,0.0,1.0,1.0,10.0,105.0,1.0,0.0,1.0,99.0
201500037902,3,0.0,,,2.0,2.0,,,0.0,1.0,1.0,0.0,0.0,1.0,0.0,1.0,0.0
201500014505,4,0.0,,,1.0,1.0,,,0.0,2.0,1.0,0.0,0.0,1.0,0.0,1.0,99.0
201500036579,3,118.0,,,2.0,2.0,16.0,0.0,0.0,1.0,1.0,0.0,0.0,1.0,0.0,1.0,99.0
201500036474,4,0.0,,,2.0,2.0,0.0,0.0,0.0,0.0,0.0,0.0,0.0,1.0,0.0,1.0,3.0
201500003789,3,105.0,,,2.0,2.0,,,0.0,1.0,1.0,32.0,64.0,1.0,5.0,1.0,99.0
201500004071,3,17.0,,,2.0,1.0,12.0,200.0,0.0,2.0,1.0,0.0,0.0,1.0,0.0,1.0,99.0
201500037670,3,50.0,,,2.0,0.0,,,0.0,1.0,1.0,0.0,0.0,2.0,0.0,1.0,99.0
201500025874,4,,,,2.0,1.0,,,1.0,1.0,1.0,0.0,0.0,1.0,0.0,1.0,0.0
201500033404,4,0.0,,,2.0,4.0,,,0.0,4.0,1.0,0.0,127.0,1.0,0.0,1.0,0.0
201500021580,6,0.0,,,0.0,0.0,,,0.0,0.0,0.0,0.0,0.0,0.0,0.0,1.0,0.0
201500049396,1,31.0,,,1.0,1.0,313.0,400.0,0.0,2.0,3.0,0.0,35.0,2.0,3.0,1.0,99.0
201500046760,1,86.0,,,1.0,3.0,2.0,0.0,0.0,1.0,1.0,0.0,0.0,1.0,0.0,1.0,99.0
201500006205,3,468.0,,,2.0,2.0,63.0,50.0,0.0,1.0,3.0,0.0,72.0,1.0,0.0,1.0,99.0
201500031573,4,0.0,,,2.0,2.0,,,0.0,1.0,1.0,24.0,112.0,1.0,0.0,1.0,0.0
201500013843,3,1547.0,,,1.0,0.0,,,0.0,1.0,1.0,0.0,0.0,1.0,0.0,1.0,0.0
201500006668,3,151.0,,,0.0,0.0,8.0,700.0,0.0,0.0,0.0,0.0,56.0,0.0,0.0,0.0,0.0
201500049175,1,630.0,,,3.0,6.0,4.0,300.0,0.0,2.0,1.0,10.0,210.0,2.0,2.0,1.0,0.0
201500037524,3,907.0,,,3.0,3.0,,,0.0,1.0,1.0,0.0,0.0,1.0,0.0,1.0,0.0
201500027368,4,0.0,,,3.0,2.0,,,0.0,1.0,1.0,0.0,60.0,1.0,0.0,1.0,0.0
201500026392,4,0.0,,,1.0,1.0,,,0.0,1.0,1.0,0.0,0.0,1.0,0.0,1.0,3.0
201500036763,4,0.0,,,2.0,2.0,0.0,0.0,0.0,1.0,1.0,0.0,0.0,1.0,0.0,1.0,0.0
201500042246,3,5.0,,,2.0,4.0,0.0,1.0,0.0,1.0,1.0,0.0,0.0,2.0,0.0,1.0,99.0
201500003074,3,6.0,,,2.0,0.0,46.0,0.0,0.0,2.0,2.0,0.0,50.0,1.0,0.0,3.0,0.0
201500015807,4,0.0,,,2.0,1.0,,,0.0,1.0,1.0,0.0,50.0,1.0,0.0,1.0,0.0
201500026024,4,0.0,,,2.0,2.0,,,0.0,4.0,1.0,0.0,0.0,2.0,0.0,1.0,3.0
201500045224,1,15.0,,,3.0,8.0,7.0,400.0,0.0,1.0,1.0,,,2.0,0.0,1.0,99.0
201500047505,1,6.0,,,3.0,6.0,25.0,300.0,0.0,1.0,1.0,15.0,210.0,1.0,0.0,1.0,99.0
201500044882,2,406.0,,,3.0,2.0,0.0,399.0,0.0,1.0,1.0,30.0,85.0,1.0,0.0,1.0,99.0
201500006737,3,965.0,,,2.0,2.0,37.0,500.0,0.0,0.0,1.0,0.0,73.0,1.0,0.0,1.0,99.0
201500019661,3,114.0,,,2.0,2.0,77.0,900.0,0.0,0.0,0.0,0.0,0.0,0.0,0.0,1.0,0.0
201500041414,3,0.0,,,3.0,2.0,0.0,1.0,0.0,1.0,0.0,0.0,60.0,1.0,0.0,1.0,0.0
201500039278,9,0.0,,,2.0,3.0,,,0.0,1.0,1.0,0.0,110.0,1.0,0.0,1.0,99.0
201500029920,3,0.0,,,0.0,2.0,,,0.0,1.0,1.0,0.0,0.0,1.0,0.0,0.0,0.0
201500037198,4,0.0,,,2.0,2.0,,,0.0,1.0,1.0,0.0,0.0,1.0,0.0,1.0,99.0
201500028419,4,0.0,,,2.0,2.0,,,0.0,0.0,0.0,0.0,0.0,0.0,0.0,1.0,0.0
201500003841,3,13.0,,,2.0,2.0,0.0,175.0,0.0,2.0,1.0,0.0,53.0,1.0,0.0,1.0,99.0
201500044744,1,104.0,,,3.0,3.0,10.0,300.0,0.0,1.0,1.0,15.0,105.0,1.0,0.0,1.0,99.0
201500043579,4,0.0,,,2.0,2.0,,,0.0,1.0,1.0,0.0,0.0,1.0,0.0,1.0,99.0
201500048712,4,0.0,,,1.0,2.0,,,3.0,0.0,0.0,0.0,50.0,0.0,5.0,1.0,0.0
201500037620,2,10.0,,,3.0,2.0,,,0.0,1.0,1.0,0.0,0.0,1.0,0.0,1.0,0.0
201500027085,4,,,,2.0,2.0,,,0.0,1.0,1.0,0.0,0.0,1.0,0.0,1.0,3.0
201500048976,4,0.0,,,1.0,2.0,,,0.0,1.0,1.0,0.0,59.0,1.0,0.0,1.0,0.0
201500027512,4,0.0,,,2.0,2.0,,,0.0,1.0,1.0,0.0,70.0,1.0,0.0,1.0,0.0
201500019691,3,612.0,,,2.0,2.0,2.0,410.0,0.0,2.0,1.0,0.0,0.0,1.0,0.0,1.0,0.0
201500025220,4,,,,2.0,2.0,,,0.0,0.0,0.0,0.0,0.0,0.0,0.0,1.0,0.0
201500019909,3,162.0,,,2.0,0.0,17.0,100.0,0.0,1.0,3.0,50.0,0.0,1.0,0.0,1.0,0.0
201500042671,4,0.0,,,2.0,3.0,,,0.0,1.0,1.0,0.0,0.0,1.0,0.0,1.0,0.0
201500027699,4,0.0,,,2.0,1.0,,,0.0,1.0,2.0,0.0,30.0,1.0,0.0,0.0,0.0
201500001857,3,58.0,,,2.0,2.0,61.0,700.0,0.0,1.0,1.0,50.0,0.0,1.0,0.0,1.0,99.0
201500011608,3,16.0,,,2.0,2.0,1.0,500.0,0.0,1.0,3.0,,,1.0,0.0,1.0,99.0
201500035412,4,,,,0.0,2.0,,,0.0,2.0,2.0,0.0,0.0,1.0,0.0,1.0,3.0
201500035542,3,32.0,,,2.0,2.0,4.0,200.0,0.0,4.0,2.0,36.0,36.0,1.0,3.0,1.0,0.0
201500026022,4,0.0,,,2.0,2.0,,,0.0,2.0,1.0,0.0,0.0,1.0,0.0,4.0,0.0
201500049968,1,51.0,,,3.0,3.0,2.0,0.0,0.0,1.0,1.0,10.0,105.0,1.0,0.0,1.0,0.0
201500045879,1,3.0,,,0.0,0.0,11.0,700.0,0.0,1.0,1.0,15.0,105.0,1.0,0.0,0.0,0.0
201500021714,4,0.0,2.0,,2.0,2.0,,,0.0,4.0,0.0,0.0,70.0,1.0,0.0,1.0,99.0
201500034937,4,0.0,,,2.0,2.0,,,0.0,1.0,1.0,0.0,0.0,1.0,0.0,1.0,99.0
201500051628,4,0.0,,,1.0,1.0,,,0.0,0.0,0.0,0.0,60.0,1.0,0.0,1.0,0.0
201500030343,4,0.0,,,2.0,2.0,,,0.0,1.0,1.0,0.0,70.0,1.0,0.0,1.0,0.0
201500017522,3,9.0,,,2.0,1.0,7.0,500.0,0.0,1.0,1.0,0.0,0.0,1.0,0.0,1.0,0.0
201500054363,4,0.0,,,1.0,1.0,,,0.0,1.0,1.0,0.0,0.0,1.0,0.0,1.0,0.0
201500006779,3,40.0,,,2.0,0.0,0.0,0.0,0.0,0.0,1.0,0.0,146.0,1.0,0.0,1.0,0.0
201500049683,1,47.0,,,1.0,2.0,0.0,200.0,0.0,1.0,1.0,10.0,70.0,1.0,2.0,1.0,99.0
201500000225,3,42.0,,,2.0,2.0,,,0.0,3.0,1.0,0.0,60.0,1.0,2.0,1.0,0.0
201500003081,3,34.0,,,2.0,2.0,9.0,500.0,0.0,2.0,3.0,0.0,0.0,1.0,0.0,3.0,0.0
201500057135,4,1.0,,,2.0,0.0,,,0.0,2.0,1.0,0.0,60.0,1.0,0.0,1.0,0.0
201500027825,4,591.0,,,2.0,2.0,,,0.0,2.0,3.0,0.0,67.0,1.0,0.0,1.0,3.0
201500018381,3,10.0,,,2.0,2.0,4.0,860.0,0.0,2.0,3.0,0.0,56.0,2.0,0.0,1.0,0.0
201500023121,3,626.0,,,2.0,2.0,55.0,526.0,0.0,1.0,1.0,0.0,0.0,1.0,0.0,1.0,3.0
201500031947,4,,,,2.0,1.0,,,0.0,1.0,1.0,0.0,70.0,1.0,0.0,1.0,99.0
201500014085,4,0.0,,,2.0,2.0,,,0.0,1.0,1.0,0.0,0.0,1.0,0.0,1.0,0.0
201500014983,4,0.0,,,2.0,2.0,,,0.0,1.0,1.0,0.0,70.0,1.0,0.0,1.0,0.0
201500042561,3,0.0,,,0.0,0.0,1.0,0.0,0.0,0.0,0.0,0.0,0.0,2.0,0.0,1.0,99.0
201500054859,4,0.0,,,2.0,2.0,,,0.0,1.0,1.0,0.0,50.0,1.0,0.0,1.0,99.0
201500058131,4,0.0,,,2.0,0.0,,,0.0,1.0,1.0,0.0,0.0,1.0,0.0,1.0,0.0
201500021085,2,83.0,,,2.0,2.0,86.0,200.0,0.0,1.0,1.0,0.0,72.0,1.0,0.0,1.0,0.0
201500058590,2,2.0,2.0,,2.0,0.0,0.0,160.0,0.0,1.0,1.0,0.0,0.0,1.0,0.0,1.0,3.0
201500036435,3,152.0,,,1.0,1.0,16.0,0.0,0.0,1.0,2.0,0.0,0.0,2.0,0.0,1.0,0.0
201500017929,3,795.0,,,2.0,2.0,7.0,0.0,0.0,1.0,1.0,0.0,84.0,1.0,5.0,1.0,99.0
201500020252,3,468.0,,,2.0,2.0,16.0,500.0,0.0,1.0,2.0,0.0,64.0,1.0,0.0,3.0,0.0
201500023272,4,,,,2.0,3.0,,,0.0,1.0,1.0,0.0,0.0,1.0,0.0,1.0,0.0
201500014159,4,0.0,,,2.0,2.0,,,0.0,1.0,1.0,0.0,60.0,1.0,0.0,1.0,0.0
201500053650,4,0.0,,,2.0,2.0,,,0.0,1.0,1.0,90.0,90.0,1.0,0.0,1.0,99.0
201500029643,3,0.0,,,2.0,2.0,,,0.0,1.0,1.0,0.0,57.0,1.0,0.0,1.0,0.0
201500046090,1,3.0,,,1.0,3.0,14.0,400.0,0.0,1.0,2.0,15.0,35.0,2.0,0.0,1.0,99.0
201500025046,4,0.0,,,3.0,0.0,,,3.0,1.0,1.0,0.0,0.0,1.0,0.0,1.0,99.0
201500051023,4,0.0,,,2.0,4.0,,,0.0,1.0,1.0,3.0,152.0,1.0,0.0,1.0,3.0
201500058066,2,1.0,,,2.0,2.0,,,0.0,1.0,1.0,0.0,70.0,1.0,0.0,1.0,99.0
201500004188,3,147.0,,,2.0,2.0,,,0.0,0.0,4.0,0.0,0.0,1.0,0.0,1.0,99.0
201500040399,4,0.0,,,2.0,0.0,,,0.0,1.0,1.0,0.0,0.0,1.0,0.0,1.0,99.0
201500028633,4,0.0,,,2.0,2.0,,,0.0,3.0,1.0,0.0,0.0,1.0,0.0,1.0,0.0
201500015200,4,0.0,,,2.0,2.0,,,0.0,1.0,1.0,0.0,60.0,1.0,0.0,1.0,0.0
201500045606,1,15.0,,,3.0,6.0,10.0,800.0,0.0,1.0,1.0,,,1.0,0.0,1.0,99.0
201500038483,4,0.0,,,1.0,1.0,,,0.0,1.0,1.0,0.0,0.0,1.0,0.0,1.0,3.0
201500022182,4,,,,1.0,2.0,,,0.0,1.0,2.0,0.0,82.0,2.0,0.0,1.0,0.0
201500044402,3,111.0,,,2.0,2.0,0.0,550.0,0.0,1.0,1.0,0.0,64.0,1.0,0.0,1.0,3.0
201500013890,4,0.0,,,2.0,4.0,,,3.0,1.0,1.0,0.0,118.0,2.0,4.0,1.0,0.0
201500019793,3,80.0,,,2.0,1.0,3.0,900.0,0.0,0.0,3.0,0.0,0.0,1.0,5.0,1.0,0.0
201500057040,2,2.0,,,2.0,2.0,,,0.0,0.0,1.0,0.0,0.0,1.0,0.0,5.0,99.0
201500049285,1,35.0,,,3.0,4.0,304.0,200.0,0.0,1.0,1.0,10.0,140.0,2.0,3.0,1.0,0.0
201500016014,3,38.0,,,2.0,2.0,,,0.0,1.0,2.0,0.0,32.0,1.0,0.0,1.0,0.0
201500045721,1,1.0,,,3.0,6.0,29.0,700.0,0.0,1.0,1.0,,,1.0,0.0,1.0,99.0
201500029729,4,0.0,,,2.0,2.0,,,0.0,1.0,3.0,0.0,70.0,1.0,0.0,1.0,0.0
201500030279,4,0.0,,,1.0,,,,3.0,1.0,1.0,0.0,32.0,1.0,5.0,1.0,3.0
201500026811,4,0.0,,,0.0,0.0,,,0.0,0.0,0.0,0.0,0.0,0.0,0.0,4.0,0.0
201500006129,3,426.0,,,2.0,1.0,,,0.0,2.0,1.0,0.0,70.0,1.0,0.0,1.0,99.0
201500044030,3,109.0,,P,2.0,2.0,3.0,990.0,0.0,1.0,1.0,,,1.0,0.0,1.0,99.0
201500047522,1,86.0,,,3.0,4.0,38.0,350.0,0.0,2.0,2.0,15.0,140.0,2.0,0.0,2.0,99.0
201500033606,3,6014.0,,,2.0,3.0,15.0,870.0,0.0,2.0,1.0,0.0,0.0,1.0,5.0,1.0,3.0
201500052121,4,0.0,,,2.0,4.0,,,3.0,1.0,1.0,10.0,170.0,1.0,0.0,1.0,0.0
201500010269,4,,,,2.0,2.0,,,0.0,2.0,3.0,0.0,0.0,1.0,0.0,1.0,3.0
201500039186,4,0.0,,,2.0,2.0,,,0.0,4.0,1.0,0.0,60.0,1.0,0.0,1.0,99.0
201500011322,4,0.0,,,2.0,2.0,,,0.0,1.0,1.0,0.0,70.0,1.0,0.0,1.0,3.0
201500002981,3,123.0,,,2.0,2.0,11.0,730.0,0.0,0.0,2.0,0.0,60.0,0.0,0.0,3.0,0.0
201500053426,4,0.0,,,2.0,2.0,,,0.0,0.0,0.0,0.0,130.0,1.0,0.0,1.0,0.0
201500049272,4,0.0,,,2.0,2.0,,,0.0,1.0,1.0,0.0,58.0,2.0,0.0,1.0,99.0
201500011307,3,16.0,,,2.0,2.0,8.0,400.0,0.0,1.0,1.0,0.0,75.0,1.0,0.0,1.0,0.0
201500017944,3,8.0,,,2.0,2.0,25.0,2640.0,0.0,1.0,1.0,0.0,71.0,1.0,0.0,1.0,99.0
201500025645,4,0.0,,,2.0,2.0,,,0.0,1.0,1.0,0.0,0.0,1.0,0.0,1.0,0.0
201500008240,3,24.0,,,2.0,0.0,15.0,750.0,0.0,1.0,2.0,0.0,61.0,2.0,0.0,3.0,0.0
201500050416,1,557.0,,,1.0,2.0,1.0,0.0,0.0,2.0,2.0,0.0,25.0,1.0,2.0,1.0,99.0
201500005266,4,,,,2.0,0.0,,,0.0,4.0,1.0,0.0,60.0,1.0,0.0,1.0,0.0
201500038005,4,0.0,,,2.0,0.0,,,0.0,1.0,1.0,0.0,0.0,1.0,0.0,1.0,0.0
201500054452,4,0.0,,,1.0,0.0,,,0.0,0.0,1.0,0.0,0.0,1.0,0.0,1.0,3.0
201500021760,3,20.0,,,2.0,2.0,35.0,650.0,0.0,4.0,1.0,0.0,65.0,2.0,0.0,1.0,0.0
201500033665,3,6015.0,,,2.0,2.0,20.0,80.0,0.0,2.0,1.0,0.0,60.0,1.0,0.0,1.0,0.0
201500012466,3,20.0,,,1.0,1.0,,,0.0,1.0,1.0,70.0,75.0,1.0,3.0,1.0,99.0
201500000972,3,32.0,,,1.0,1.0,17.0,830.0,0.0,0.0,1.0,0.0,0.0,1.0,0.0,4.0,0.0
201500033449,6,0.0,,,0.0,0.0,,,0.0,1.0,1.0,0.0,0.0,2.0,0.0,1.0,0.0
201500044435,2,193.0,,,2.0,2.0,0.0,930.0,0.0,4.0,1.0,0.0,98.0,1.0,0.0,1.0,3.0
201500000274,3,301.0,,,3.0,4.0,3.0,50.0,0.0,1.0,1.0,30.0,140.0,2.0,0.0,1.0,0.0
201500027818,3,347.0,,,2.0,2.0,,,0.0,2.0,1.0,0.0,35.0,1.0,0.0,1.0,99.0
201500057600,4,0.0,,,2.0,0.0,,,0.0,1.0,2.0,0.0,60.0,1.0,0.0,1.0,99.0
201500002352,4,0.0,,,2.0,2.0,,,0.0,2.0,1.0,0.0,60.0,1.0,0.0,1.0,3.0
201500041687,4,0.0,,,2.0,2.0,,,0.0,1.0,1.0,0.0,60.0,1.0,0.0,1.0,99.0
201500048874,4,0.0,,,2.0,2.0,,,0.0,1.0,1.0,0.0,0.0,1.0,0.0,1.0,99.0
201500042434,4,0.0,,,0.0,2.0,,,0.0,0.0,0.0,0.0,60.0,0.0,0.0,0.0,0.0
201500035769,4,0.0,,,2.0,2.0,,,0.0,1.0,3.0,0.0,70.0,1.0,0.0,1.0,99.0
201500026794,4,,,,1.0,1.0,,,0.0,0.0,0.0,0.0,0.0,0.0,0.0,1.0,0.0
201500047821,4,0.0,,,2.0,2.0,,,0.0,1.0,1.0,0.0,81.0,1.0,0.0,4.0,3.0
201500033541,4,0.0,,,2.0,2.0,,,0.0,4.0,1.0,0.0,79.0,1.0,0.0,5.0,99.0
201500049156,1,630.0,,,2.0,2.0,21.0,300.0,0.0,1.0,1.0,0.0,35.0,1.0,0.0,1.0,99.0
201500011903,3,53.0,,,0.0,2.0,13.0,300.0,0.0,1.0,3.0,0.0,0.0,1.0,0.0,1.0,0.0
201500015258,4,0.0,,,1.0,1.0,,,0.0,0.0,0.0,0.0,0.0,0.0,0.0,1.0,0.0
201500034175,2,3.0,,,1.0,2.0,4.0,580.0,0.0,1.0,1.0,60.0,60.0,1.0,0.0,1.0,99.0
201500058276,4,0.0,,,2.0,1.0,,,0.0,0.0,0.0,0.0,0.0,0.0,0.0,1.0,0.0
201500008908,2,193.0,,,2.0,0.0,62.0,500.0,0.0,1.0,1.0,0.0,70.0,1.0,0.0,3.0,0.0
201500054729,4,0.0,,,2.0,0.0,,,0.0,1.0,1.0,0.0,0.0,1.0,0.0,1.0,0.0
201500014086,4,0.0,,,2.0,3.0,,,0.0,1.0,0.0,,,1.0,0.0,1.0,0.0
201500026444,4,0.0,,,0.0,1.0,,,3.0,1.0,1.0,0.0,0.0,1.0,6.0,1.0,99.0
201500034763,4,0.0,,,3.0,6.0,,,0.0,1.0,1.0,0.0,0.0,1.0,0.0,1.0,0.0
201500041133,3,0.0,,,2.0,1.0,,,0.0,1.0,1.0,0.0,60.0,2.0,0.0,1.0,3.0
201500036110,4,,,,2.0,4.0,,,0.0,1.0,1.0,0.0,120.0,1.0,0.0,1.0,0.0
201500041113,3,0.0,,,2.0,2.0,,,0.0,1.0,1.0,10.0,60.0,2.0,0.0,1.0,99.0
201500037655,4,125.0,,,1.0,0.0,,,0.0,1.0,1.0,0.0,0.0,1.0,0.0,1.0,99.0
201500030296,4,0.0,,,0.0,2.0,1.0,0.0,0.0,2.0,0.0,0.0,0.0,1.0,0.0,0.0,0.0
201500020791,2,7.0,,,2.0,2.0,88.0,70.0,0.0,1.0,1.0,12.0,40.0,2.0,0.0,1.0,99.0
201500024927,3,177.0,,,2.0,2.0,21.0,300.0,2.0,1.0,1.0,0.0,0.0,1.0,5.0,1.0,99.0
201500028494,4,0.0,,,2.0,2.0,,,0.0,1.0,1.0,0.0,0.0,2.0,0.0,1.0,99.0
201500045471,1,15.0,,,3.0,6.0,15.0,100.0,0.0,1.0,1.0,,,1.0,0.0,1.0,99.0
201500030431,4,0.0,,A,2.0,2.0,,,0.0,1.0,1.0,0.0,0.0,1.0,0.0,1.0,99.0
201500043288,4,0.0,,,2.0,1.0,,,0.0,1.0,1.0,0.0,0.0,2.0,0.0,1.0,99.0
201500010103,4,0.0,,,0.0,2.0,,,0.0,2.0,1.0,0.0,80.0,1.0,0.0,1.0,0.0
201500033816,4,0.0,,,2.0,2.0,,,0.0,1.0,2.0,0.0,0.0,1.0,0.0,1.0,0.0
201500053632,4,0.0,,,1.0,1.0,,,0.0,1.0,1.0,0.0,40.0,1.0,0.0,1.0,0.0
201500017812,3,4.0,,,2.0,0.0,,,0.0,1.0,1.0,0.0,70.0,1.0,0.0,1.0,0.0
201500044825,2,104.0,,,1.0,3.0,7.0,0.0,0.0,1.0,2.0,10.0,105.0,1.0,0.0,1.0,99.0
201500025695,4,0.0,,,3.0,2.0,,,1.0,1.0,1.0,5.0,70.0,1.0,0.0,1.0,0.0
201500044006,4,,,,2.0,2.0,,,0.0,1.0,1.0,,,1.0,0.0,1.0,99.0
201500042381,3,0.0,,,2.0,2.0,,,0.0,0.0,0.0,0.0,60.0,0.0,0.0,0.0,0.0
201500005762,3,910.0,,,2.0,2.0,51.0,0.0,0.0,1.0,1.0,11.0,75.0,2.0,0.0,0.0,0.0
201500052791,4,0.0,,,1.0,3.0,,,0.0,0.0,0.0,0.0,0.0,0.0,0.0,1.0,0.0
201500020202,4,,,,0.0,0.0,,,0.0,1.0,1.0,0.0,0.0,1.0,0.0,1.0,99.0
201500056775,2,4.0,,,2.0,0.0,,,0.0,1.0,1.0,0.0,60.0,1.0,0.0,3.0,99.0
201500046092,1,3.0,,,1.0,1.0,13.0,0.0,0.0,1.0,3.0,15.0,35.0,2.0,0.0,1.0,0.0
201500005107,3,121.0,,,2.0,2.0,0.0,800.0,0.0,2.0,1.0,0.0,0.0,1.0,0.0,1.0,0.0
201500023330,2,630.0,,,1.0,2.0,,,0.0,0.0,0.0,0.0,0.0,0.0,5.0,0.0,0.0
201500023315,4,0.0,,,2.0,2.0,,,0.0,1.0,2.0,0.0,80.0,1.0,0.0,1.0,0.0
201500002009,3,178.0,,,2.0,2.0,2.0,545.0,0.0,1.0,3.0,0.0,40.0,1.0,0.0,1.0,99.0
201500014447,4,0.0,,,1.0,2.0,,,0.0,2.0,2.0,0.0,0.0,1.0,6.0,1.0,99.0
201500019026,4,0.0,,,1.0,1.0,0.0,0.0,0.0,2.0,1.0,0.0,30.0,1.0,0.0,1.0,99.0
201500005429,3,224.0,,,2.0,0.0,25.0,800.0,0.0,1.0,1.0,68.0,0.0,1.0,0.0,1.0,99.0
201500020469,4,,,,2.0,2.0,,,0.0,1.0,1.0,0.0,91.0,1.0,0.0,1.0,99.0
201500024041,4,,,,2.0,2.0,,,0.0,1.0,3.0,13.0,142.0,1.0,0.0,1.0,0.0
201500033455,3,6015.0,,,1.0,3.0,94.0,750.0,0.0,1.0,3.0,0.0,150.0,2.0,0.0,1.0,0.0
201500013625,4,1.0,,A,1.0,2.0,,,0.0,2.0,1.0,0.0,0.0,1.0,0.0,1.0,0.0
201500045978,1,1.0,,,3.0,6.0,28.0,500.0,0.0,1.0,1.0,,,1.0,0.0,1.0,99.0
201500029348,4,0.0,,,3.0,4.0,,,0.0,1.0,3.0,0.0,0.0,2.0,0.0,1.0,99.0
201500023752,4,0.0,,,3.0,4.0,,,2.0,1.0,1.0,50.0,165.0,1.0,0.0,1.0,0.0
201500049419,4,0.0,,,1.0,1.0,,,0.0,1.0,1.0,0.0,40.0,1.0,0.0,1.0,99.0
201500027056,4,0.0,,,2.0,2.0,,,0.0,1.0,1.0,0.0,0.0,1.0,0.0,1.0,0.0
201500013512,3,10.0,,,2.0,1.0,,,0.0,1.0,1.0,0.0,68.0,1.0,0.0,3.0,99.0
201500010222,4,0.0,,,2.0,4.0,,,0.0,1.0,1.0,20.0,110.0,1.0,0.0,1.0,99.0
201500054925,4,0.0,,,2.0,6.0,,,0.0,1.0,1.0,0.0,120.0,1.0,0.0,1.0,0.0
201500058152,2,6.0,,,1.0,2.0,,,0.0,1.0,1.0,0.0,0.0,1.0,0.0,1.0,0.0
201500046305,2,12.0,,,1.0,2.0,28.0,700.0,0.0,1.0,1.0,0.0,70.0,1.0,0.0,1.0,99.0
201500026263,4,0.0,,,3.0,2.0,,,0.0,1.0,1.0,0.0,64.0,1.0,0.0,1.0,3.0
201500011260,2,102.0,,,3.0,2.0,38.0,,0.0,1.0,1.0,0.0,70.0,1.0,0.0,1.0,99.0
201500025982,4,0.0,,,2.0,2.0,,,0.0,2.0,1.0,0.0,86.0,1.0,0.0,1.0,99.0
201500030066,4,0.0,,,3.0,2.0,,,0.0,1.0,1.0,30.0,30.0,2.0,5.0,1.0,99.0
201500009870,3,0.0,,,0.0,3.0,1.0,0.0,1.0,1.0,1.0,0.0,0.0,1.0,0.0,5.0,99.0
201500025778,4,0.0,,,1.0,1.0,,,0.0,2.0,1.0,0.0,40.0,2.0,0.0,1.0,3.0
201500029802,4,0.0,,,2.0,2.0,,,0.0,1.0,1.0,0.0,0.0,1.0,0.0,1.0,0.0
201500055798,4,0.0,,,3.0,3.0,,,0.0,1.0,1.0,25.0,105.0,1.0,0.0,1.0,0.0
201500050243,1,55.0,,,1.0,2.0,0.0,500.0,0.0,1.0,1.0,20.0,70.0,1.0,1.0,1.0,99.0
201500053731,4,0.0,,,1.0,1.0,,,0.0,1.0,1.0,0.0,60.0,2.0,0.0,1.0,0.0
201500030320,4,0.0,,,2.0,2.0,,,0.0,1.0,1.0,0.0,58.0,1.0,0.0,1.0,99.0
201500033256,3,173.0,,,2.0,4.0,6.0,860.0,0.0,1.0,1.0,0.0,134.0,1.0,0.0,1.0,99.0
201500048507,4,0.0,,,0.0,2.0,0.0,1.0,3.0,1.0,1.0,0.0,0.0,1.0,5.0,1.0,99.0
201500005012,3,8.0,,,2.0,0.0,63.0,750.0,0.0,0.0,1.0,0.0,71.0,1.0,0.0,1.0,99.0
201500051854,4,0.0,,,2.0,4.0,,,3.0,1.0,1.0,0.0,110.0,1.0,0.0,1.0,0.0
201500051323,4,0.0,,,1.0,3.0,,,0.0,1.0,1.0,0.0,0.0,1.0,0.0,3.0,0.0
201500018377,2,70.0,,,2.0,0.0,41.0,100.0,0.0,1.0,1.0,0.0,98.0,1.0,0.0,1.0,0.0
201500033272,3,54.0,,,2.0,2.0,12.0,670.0,0.0,1.0,2.0,0.0,0.0,1.0,0.0,1.0,99.0
201500032596,4,0.0,,,2.0,2.0,,,0.0,2.0,0.0,0.0,38.0,2.0,0.0,1.0,99.0
201500033619,4,0.0,,,2.0,2.0,,,0.0,2.0,1.0,0.0,45.0,1.0,0.0,0.0,0.0
201500025229,4,,,,0.0,1.0,,,0.0,1.0,1.0,0.0,0.0,1.0,5.0,1.0,99.0
201500040157,3,0.0,,,1.0,4.0,,,0.0,1.0,1.0,0.0,0.0,1.0,5.0,1.0,99.0
201500024984,4,,,,3.0,2.0,,,1.0,1.0,1.0,0.0,0.0,1.0,5.0,0.0,99.0
201500056751,3,101.0,,,2.0,0.0,0.0,0.0,0.0,2.0,3.0,0.0,0.0,1.0,0.0,1.0,99.0
201500010114,4,0.0,,,2.0,4.0,,,0.0,1.0,1.0,0.0,80.0,1.0,0.0,1.0,99.0
201500032256,4,0.0,,,1.0,1.0,,,0.0,1.0,1.0,0.0,40.0,1.0,0.0,1.0,3.0
201500020935,2,7.0,,,2.0,2.0,42.0,950.0,0.0,1.0,1.0,0.0,0.0,1.0,0.0,0.0,0.0
201500006166,3,392.0,,,2.0,2.0,,,0.0,1.0,2.0,0.0,0.0,1.0,0.0,1.0,99.0
201500008505,4,,,,2.0,1.0,,,0.0,0.0,0.0,45.0,0.0,1.0,0.0,1.0,99.0
201500039988,4,0.0,,,2.0,1.0,,,0.0,1.0,1.0,0.0,0.0,1.0,0.0,1.0,99.0
201500018604,6,0.0,,,0.0,0.0,0.0,0.0,0.0,1.0,2.0,0.0,0.0,1.0,0.0,1.0,99.0
201500016531,3,155.0,,,2.0,2.0,3.0,500.0,0.0,2.0,2.0,0.0,39.0,1.0,0.0,1.0,99.0
201500034287,3,0.0,,,2.0,1.0,,,0.0,1.0,1.0,0.0,0.0,1.0,0.0,1.0,99.0
201500043139,4,0.0,,,2.0,2.0,,,0.0,1.0,1.0,0.0,0.0,1.0,0.0,1.0,0.0
201500021754,1,5.0,,,1.0,2.0,190.0,680.0,0.0,0.0,1.0,0.0,0.0,1.0,0.0,1.0,0.0
201500048625,4,0.0,,,1.0,4.0,,,0.0,1.0,1.0,0.0,0.0,1.0,0.0,1.0,0.0
201500038819,2,,,,2.0,2.0,,,0.0,1.0,1.0,0.0,60.0,1.0,6.0,1.0,99.0
201500013478,4,0.0,,,2.0,2.0,,,0.0,1.0,1.0,23.0,35.0,1.0,0.0,1.0,99.0
201500007452,3,56.0,,C,2.0,2.0,0.0,0.0,0.0,1.0,1.0,0.0,96.0,1.0,0.0,1.0,0.0
201500000485,3,2.0,,,2.0,2.0,0.0,0.0,0.0,3.0,1.0,0.0,63.0,0.0,5.0,1.0,99.0
201500009442,4,0.0,,,2.0,2.0,0.0,0.0,0.0,1.0,1.0,0.0,50.0,1.0,0.0,1.0,3.0
201500030231,4,0.0,,,2.0,2.0,,,0.0,1.0,1.0,0.0,0.0,2.0,0.0,1.0,0.0
201500027640,9,0.0,,,2.0,2.0,,,0.0,0.0,0.0,0.0,0.0,0.0,0.0,1.0,0.0
201500034936,3,0.0,,,2.0,2.0,,,0.0,1.0,1.0,0.0,0.0,1.0,0.0,3.0,99.0
201500002102,3,304.0,,,2.0,2.0,2.0,850.0,0.0,0.0,1.0,10.0,25.0,2.0,0.0,1.0,0.0
201500031112,4,0.0,,,0.0,0.0,,,0.0,1.0,1.0,0.0,0.0,1.0,5.0,1.0,0.0
201500050087,1,50.0,,,3.0,3.0,3.0,50.0,0.0,1.0,1.0,0.0,84.0,2.0,0.0,1.0,99.0
201500003900,3,673.0,,,2.0,2.0,100.0,990.0,0.0,2.0,4.0,0.0,68.0,2.0,0.0,3.0,0.0
201500011125,4,0.0,,,1.0,3.0,,,0.0,1.0,1.0,0.0,0.0,1.0,0.0,1.0,99.0
201500015618,4,0.0,,,2.0,0.0,,,0.0,2.0,2.0,0.0,0.0,0.0,0.0,1.0,0.0
201500019215,4,0.0,,,1.0,1.0,0.0,,0.0,1.0,1.0,0.0,58.0,1.0,0.0,1.0,99.0
201500029627,4,0.0,,,1.0,1.0,,,0.0,1.0,1.0,0.0,63.0,1.0,0.0,1.0,99.0
201500030591,4,,,,1.0,1.0,,,0.0,1.0,1.0,0.0,35.0,1.0,0.0,1.0,99.0
201500058187,2,6.0,,,3.0,0.0,,,0.0,2.0,1.0,20.0,82.0,1.0,5.0,1.0,0.0
201500049414,4,,,,0.0,2.0,,,0.0,1.0,1.0,0.0,0.0,1.0,0.0,1.0,99.0
201500010431,4,0.0,,,2.0,2.0,,,0.0,2.0,2.0,0.0,40.0,2.0,0.0,1.0,0.0
201500046873,2,104.0,,,1.0,2.0,41.0,0.0,0.0,1.0,2.0,15.0,70.0,2.0,0.0,3.0,99.0
201500001642,4,0.0,,,2.0,2.0,,,0.0,1.0,1.0,0.0,0.0,1.0,6.0,1.0,99.0
201500043700,4,0.0,,,2.0,0.0,,,0.0,1.0,1.0,0.0,0.0,1.0,0.0,1.0,99.0
201500028620,4,0.0,,A,1.0,2.0,,,3.0,1.0,1.0,0.0,0.0,1.0,0.0,1.0,99.0
201500040863,4,0.0,,,1.0,1.0,,,0.0,1.0,3.0,0.0,60.0,2.0,0.0,1.0,3.0
201500018242,3,21.0,,,2.0,2.0,53.0,890.0,0.0,1.0,1.0,0.0,64.0,1.0,0.0,1.0,0.0
201500038619,4,0.0,,,2.0,2.0,,,0.0,1.0,1.0,0.0,74.0,1.0,0.0,1.0,99.0
201500015812,2,568.0,,,1.0,1.0,,,0.0,1.0,1.0,0.0,70.0,1.0,5.0,1.0,99.0
201500025770,4,0.0,,,3.0,1.0,,,0.0,1.0,1.0,70.0,50.0,1.0,5.0,1.0,0.0
201500029495,4,0.0,,,2.0,2.0,,,0.0,1.0,1.0,0.0,70.0,1.0,0.0,1.0,0.0
201500036715,4,0.0,,,2.0,2.0,0.0,0.0,0.0,0.0,1.0,0.0,0.0,1.0,0.0,1.0,0.0
201500058485,4,0.0,,,2.0,0.0,,,0.0,1.0,1.0,0.0,0.0,1.0,0.0,1.0,0.0
201500005368,3,11.0,,,2.0,2.0,5.0,0.0,0.0,1.0,1.0,0.0,0.0,1.0,0.0,1.0,0.0
201500001571,3,1083.0,,,2.0,2.0,47.0,501.0,0.0,1.0,2.0,0.0,58.0,1.0,5.0,1.0,3.0
201500009268,6,,,,0.0,,,,0.0,0.0,1.0,0.0,0.0,0.0,0.0,0.0,99.0
201500047853,4,0.0,,,4.0,4.0,,,3.0,1.0,1.0,0.0,0.0,2.0,0.0,1.0,99.0
201500024899,4,0.0,,,3.0,4.0,,,0.0,1.0,1.0,0.0,0.0,1.0,0.0,1.0,3.0
201500007626,3,17.0,,,2.0,2.0,48.0,0.0,0.0,1.0,1.0,0.0,75.0,2.0,0.0,1.0,0.0
201500021392,2,12.0,,,3.0,2.0,13.0,500.0,0.0,1.0,1.0,10.0,150.0,7.0,0.0,1.0,99.0
201500050272,1,50.0,,,3.0,3.0,2.0,815.0,0.0,1.0,1.0,0.0,105.0,1.0,0.0,1.0,99.0
201500007687,3,411.0,,,2.0,2.0,1.0,200.0,0.0,1.0,1.0,0.0,40.0,1.0,0.0,1.0,99.0
201500030714,3,19.0,,,2.0,2.0,43.0,650.0,0.0,2.0,1.0,0.0,60.0,1.0,0.0,1.0,99.0
201500026464,4,0.0,,,3.0,4.0,,,0.0,1.0,1.0,0.0,0.0,1.0,0.0,1.0,0.0
201500021489,2,88.0,,,2.0,2.0,58.0,900.0,0.0,3.0,2.0,0.0,100.0,7.0,0.0,1.0,99.0
201500006485,3,980.0,,,2.0,2.0,19.0,300.0,0.0,2.0,2.0,0.0,70.0,2.0,0.0,1.0,99.0
201500032862,3,0.0,,,1.0,2.0,,,0.0,2.0,2.0,0.0,70.0,1.0,3.0,1.0,99.0
201500056093,4,0.0,,,1.0,3.0,7.0,800.0,0.0,1.0,1.0,15.0,105.0,1.0,0.0,1.0,0.0
201500009302,3,97.0,,,2.0,2.0,10.0,200.0,0.0,1.0,2.0,0.0,0.0,1.0,0.0,1.0,99.0
201500039393,3,0.0,,,2.0,2.0,,,0.0,2.0,1.0,0.0,0.0,1.0,0.0,1.0,0.0
201500027050,3,492.0,,,1.0,1.0,0.0,400.0,0.0,1.0,1.0,0.0,0.0,1.0,0.0,1.0,0.0
201500024804,2,2.0,,,3.0,3.0,14.0,900.0,0.0,2.0,1.0,0.0,0.0,1.0,0.0,1.0,99.0
201500005254,3,909.0,,,2.0,0.0,43.0,850.0,0.0,2.0,2.0,0.0,0.0,2.0,0.0,1.0,99.0
201500008250,3,17.0,,,2.0,2.0,20.0,300.0,0.0,1.0,1.0,0.0,70.0,1.0,0.0,3.0,0.0
201500003273,3,117.0,,,2.0,0.0,61.0,200.0,0.0,1.0,2.0,0.0,56.0,1.0,0.0,3.0,99.0
201500019067,3,37.0,,,2.0,2.0,4.0,400.0,0.0,3.0,3.0,0.0,60.0,1.0,0.0,4.0,0.0
201500024860,4,,,,2.0,2.0,,,2.0,1.0,1.0,0.0,0.0,1.0,5.0,1.0,99.0
201500038128,4,0.0,,,2.0,2.0,,,0.0,1.0,1.0,0.0,0.0,2.0,0.0,1.0,99.0
201500050750,4,0.0,,,2.0,4.0,,,0.0,1.0,1.0,0.0,133.0,1.0,0.0,1.0,99.0
201500025945,4,,,,,,,,,,,,,1.0,,,
201500022643,3,2.0,,,2.0,2.0,20.0,469.0,0.0,1.0,1.0,0.0,0.0,2.0,0.0,1.0,0.0
201500020921,4,,,,2.0,2.0,,,1.0,2.0,1.0,0.0,64.0,1.0,0.0,1.0,0.0
201500022241,2,7.0,,,2.0,2.0,79.0,700.0,0.0,1.0,1.0,0.0,70.0,1.0,0.0,3.0,0.0
201500055255,4,0.0,,,1.0,3.0,,,0.0,1.0,2.0,0.0,0.0,1.0,0.0,1.0,0.0
201500035390,3,8.0,,N,2.0,2.0,26.0,100.0,0.0,1.0,1.0,0.0,0.0,1.0,0.0,4.0,0.0
201500057691,4,0.0,,,3.0,1.0,,,0.0,1.0,0.0,0.0,80.0,2.0,0.0,1.0,0.0
201500036526,2,20.0,,,3.0,2.0,10.0,500.0,0.0,4.0,1.0,0.0,0.0,1.0,0.0,1.0,0.0
201500051527,4,0.0,,,1.0,1.0,,,0.0,1.0,1.0,0.0,60.0,1.0,0.0,1.0,99.0
201500038302,4,0.0,,,3.0,4.0,,,0.0,1.0,1.0,20.0,80.0,1.0,0.0,1.0,99.0
201500056795,3,5.0,,,2.0,0.0,0.0,0.0,0.0,1.0,1.0,0.0,0.0,1.0,0.0,1.0,0.0
201500038727,3,0.0,,,1.0,2.0,,,0.0,1.0,1.0,0.0,0.0,1.0,0.0,3.0,0.0
201500053942,4,0.0,,,0.0,1.0,,,0.0,1.0,0.0,0.0,0.0,2.0,0.0,1.0,0.0
201500028466,4,0.0,,,1.0,3.0,,,1.0,1.0,1.0,0.0,0.0,1.0,0.0,4.0,0.0
201500051710,4,0.0,,,2.0,2.0,,,0.0,3.0,1.0,0.0,110.0,1.0,0.0,1.0,3.0
201500034125,2,4.0,,,3.0,,5.0,0.0,0.0,1.0,1.0,0.0,0.0,1.0,0.0,1.0,0.0
201500034279,4,0.0,,,2.0,2.0,,,0.0,1.0,0.0,0.0,0.0,1.0,0.0,1.0,0.0
201500001176,4,0.0,,,2.0,2.0,0.0,0.0,0.0,1.0,1.0,0.0,70.0,2.0,0.0,1.0,0.0
201500057828,3,0.0,,,2.0,0.0,,,0.0,1.0,1.0,0.0,0.0,1.0,0.0,1.0,99.0
201500041776,3,0.0,,,2.0,2.0,,,0.0,1.0,1.0,0.0,61.0,1.0,0.0,1.0,99.0
201500058079,2,2.0,,,3.0,2.0,,,0.0,1.0,1.0,0.0,0.0,1.0,0.0,1.0,0.0
201500052109,4,0.0,,,1.0,1.0,,,0.0,1.0,1.0,0.0,30.0,1.0,0.0,1.0,0.0
201500026060,4,0.0,,,2.0,2.0,,,0.0,1.0,1.0,0.0,0.0,1.0,0.0,1.0,0.0
201500013153,4,0.0,,,2.0,2.0,,,0.0,1.0,1.0,0.0,70.0,1.0,0.0,1.0,99.0
201500040760,9,0.0,,,2.0,2.0,,,0.0,2.0,1.0,0.0,0.0,1.0,0.0,1.0,99.0
201500054093,4,0.0,,,2.0,2.0,,,0.0,1.0,2.0,0.0,0.0,1.0,0.0,1.0,99.0
201500030508,3,906.0,,,2.0,2.0,55.0,860.0,0.0,2.0,3.0,0.0,76.0,2.0,0.0,1.0,99.0
201500024903,4,0.0,,,2.0,0.0,,,3.0,1.0,1.0,0.0,0.0,1.0,0.0,1.0,99.0
201500013729,4,0.0,,,2.0,0.0,,,0.0,1.0,1.0,0.0,0.0,1.0,0.0,1.0,0.0
201500009686,3,5.0,,,2.0,2.0,32.0,950.0,0.0,3.0,3.0,0.0,0.0,1.0,0.0,1.0,99.0
201500037649,4,31.0,,,1.0,0.0,,,0.0,1.0,1.0,0.0,0.0,1.0,0.0,1.0,0.0
201500000645,3,928.0,,,2.0,2.0,39.0,200.0,0.0,1.0,1.0,0.0,70.0,1.0,0.0,1.0,0.0
201500019264,4,0.0,,,2.0,2.0,,,0.0,1.0,1.0,0.0,60.0,1.0,0.0,1.0,99.0
201500039227,4,0.0,,,2.0,2.0,,,0.0,2.0,1.0,0.0,0.0,1.0,0.0,1.0,99.0
201500017562,3,1083.0,,,2.0,1.0,56.0,500.0,0.0,1.0,2.0,0.0,70.0,1.0,0.0,1.0,0.0
201500021987,2,580.0,,,2.0,1.0,1.0,700.0,0.0,1.0,1.0,0.0,68.0,1.0,5.0,1.0,99.0
201500012934,4,0.0,,,2.0,2.0,,,0.0,0.0,1.0,0.0,80.0,2.0,5.0,1.0,0.0
201500012194,1,61.0,,,1.0,0.0,268.0,200.0,0.0,1.0,1.0,5.0,103.0,2.0,0.0,0.0,0.0
201500025250,4,,,,3.0,2.0,,,0.0,1.0,1.0,0.0,90.0,0.0,0.0,1.0,0.0
201500042379,3,0.0,,,0.0,0.0,,,0.0,1.0,0.0,0.0,0.0,1.0,0.0,1.0,0.0
201500052086,4,0.0,,,1.0,3.0,,,3.0,1.0,1.0,0.0,120.0,1.0,0.0,1.0,99.0
201500003954,4,0.0,,,0.0,0.0,,,0.0,2.0,2.0,0.0,4.0,1.0,0.0,0.0,0.0
201500015748,4,0.0,,,1.0,0.0,,,0.0,1.0,1.0,0.0,70.0,1.0,0.0,1.0,0.0
201500002758,3,652.0,,,2.0,0.0,,,0.0,1.0,1.0,50.0,0.0,1.0,0.0,1.0,0.0
201500045329,1,1.0,,,1.0,2.0,0.0,100.0,0.0,1.0,3.0,15.0,35.0,1.0,0.0,1.0,99.0
201500010637,4,0.0,,,3.0,4.0,,,0.0,1.0,1.0,0.0,0.0,1.0,0.0,1.0,99.0
201500055467,4,0.0,,,0.0,4.0,,,0.0,1.0,1.0,0.0,0.0,1.0,0.0,1.0,99.0
201500028439,4,0.0,,,2.0,2.0,,,0.0,1.0,1.0,0.0,0.0,1.0,0.0,1.0,99.0
201500030381,3,0.0,,,2.0,2.0,,,0.0,1.0,1.0,0.0,0.0,1.0,0.0,1.0,99.0
201500034970,4,0.0,,,2.0,2.0,,,3.0,1.0,1.0,0.0,32.0,1.0,0.0,1.0,0.0
201500001793,3,771.0,,,2.0,2.0,39.0,504.0,0.0,1.0,1.0,0.0,0.0,1.0,5.0,1.0,0.0
201500024482,4,,,,2.0,3.0,,,1.0,1.0,1.0,0.0,93.0,1.0,0.0,1.0,99.0
201500056824,2,1.0,,,2.0,2.0,49.0,930.0,0.0,1.0,3.0,0.0,64.0,2.0,0.0,1.0,0.0
201500037645,3,1.0,,,2.0,2.0,,,0.0,1.0,1.0,0.0,0.0,1.0,5.0,1.0,0.0
201500032718,4,0.0,,,2.0,0.0,,,0.0,1.0,1.0,0.0,50.0,1.0,0.0,0.0,99.0
201500046731,1,86.0,,,1.0,3.0,46.0,600.0,0.0,1.0,1.0,0.0,0.0,1.0,0.0,1.0,99.0
201500055448,4,0.0,,,1.0,1.0,,,0.0,1.0,1.0,0.0,0.0,1.0,6.0,1.0,0.0
201500020095,4,,,,1.0,1.0,,,0.0,1.0,1.0,0.0,0.0,1.0,0.0,1.0,99.0
201500056455,4,0.0,,,1.0,4.0,0.0,100.0,0.0,1.0,1.0,35.0,140.0,8.0,2.0,1.0,0.0
201500032342,4,0.0,,,2.0,2.0,,,0.0,1.0,1.0,0.0,80.0,1.0,0.0,0.0,0.0
201500058074,2,1.0,,E,2.0,2.0,,,0.0,1.0,1.0,0.0,70.0,1.0,0.0,1.0,99.0
201500046751,1,86.0,,,1.0,3.0,7.0,900.0,0.0,1.0,1.0,0.0,0.0,2.0,0.0,1.0,99.0
201500055926,4,0.0,,,2.0,2.0,,,0.0,1.0,1.0,301.0,86.0,2.0,0.0,1.0,0.0
201500021346,2,12.0,,,3.0,4.0,77.0,545.0,0.0,1.0,1.0,21.0,92.0,1.0,0.0,1.0,99.0
201500004253,3,75.0,,,,,13.0,200.0,,2.0,1.0,,,1.0,,1.0,
201500034869,3,0.0,,,2.0,2.0,10.0,980.0,0.0,2.0,1.0,0.0,0.0,1.0,0.0,1.0,0.0
201500010573,3,0.0,,,2.0,2.0,,,0.0,1.0,2.0,0.0,0.0,1.0,0.0,1.0,99.0
201500023218,3,1250.0,,,2.0,2.0,46.0,444.0,0.0,1.0,1.0,0.0,77.0,2.0,0.0,1.0,99.0
201500018179,3,994.0,,,2.0,2.0,41.0,0.0,0.0,2.0,1.0,0.0,88.0,1.0,0.0,1.0,0.0
201500051304,4,0.0,,,2.0,6.0,,,3.0,1.0,1.0,0.0,260.0,1.0,0.0,1.0,99.0
201500012792,1,5.0,,,3.0,3.0,8.0,600.0,3.0,1.0,1.0,30.0,135.0,1.0,0.0,2.0,99.0
201500045847,1,3.0,,,1.0,4.0,17.0,800.0,0.0,1.0,2.0,,,2.0,0.0,1.0,99.0
201500010854,4,0.0,,,3.0,3.0,,,1.0,1.0,1.0,0.0,110.0,0.0,0.0,1.0,0.0
201500054186,4,0.0,,,1.0,4.0,,,0.0,1.0,1.0,0.0,0.0,1.0,0.0,1.0,99.0
201500011049,4,0.0,,,2.0,2.0,,,0.0,2.0,2.0,0.0,64.0,1.0,0.0,1.0,0.0
201500050809,4,0.0,,,1.0,1.0,,,0.0,1.0,1.0,0.0,53.0,1.0,0.0,1.0,99.0
201500053327,4,0.0,,,3.0,2.0,,,0.0,1.0,1.0,0.0,30.0,2.0,0.0,1.0,0.0
201500019056,3,955.0,,,2.0,0.0,38.0,800.0,0.0,0.0,1.0,0.0,74.0,1.0,0.0,1.0,99.0
201500038027,4,0.0,,,2.0,0.0,,,0.0,1.0,1.0,0.0,0.0,1.0,0.0,1.0,0.0
201500004213,2,7.0,,,0.0,2.0,24.0,906.0,0.0,2.0,4.0,0.0,0.0,1.0,0.0,1.0,0.0
201500024329,4,,,,2.0,1.0,,,0.0,1.0,1.0,0.0,0.0,1.0,0.0,1.0,99.0
201500044254,4,,,,1.0,2.0,,,0.0,1.0,1.0,,,1.0,,1.0,99.0
201500005206,3,12.0,,A,0.0,0.0,0.0,750.0,0.0,1.0,1.0,0.0,0.0,2.0,0.0,4.0,0.0
201500032499,3,166.0,,,2.0,4.0,0.0,0.0,2.0,1.0,1.0,0.0,190.0,1.0,5.0,1.0,99.0
201500039903,6,0.0,,,0.0,0.0,,,0.0,1.0,0.0,0.0,0.0,1.0,0.0,1.0,99.0
201500033749,3,7.0,,,3.0,4.0,6.0,180.0,0.0,1.0,1.0,0.0,0.0,1.0,0.0,1.0,0.0
201500047138,1,6.0,,,3.0,4.0,28.0,220.0,0.0,1.0,1.0,15.0,140.0,1.0,0.0,1.0,99.0
201500018286,4,0.0,,,2.0,0.0,,,0.0,0.0,3.0,0.0,21.0,6.0,0.0,1.0,99.0
201500043952,3,922.0,,,2.0,2.0,7.0,250.0,0.0,1.0,2.0,,,1.0,0.0,1.0,99.0
201500031591,4,0.0,,,2.0,2.0,,,1.0,1.0,1.0,0.0,75.0,1.0,0.0,1.0,0.0
201500024646,4,,,,1.0,2.0,,,0.0,1.0,1.0,0.0,30.0,1.0,0.0,1.0,3.0
201500020025,4,0.0,,,2.0,2.0,,,0.0,2.0,1.0,0.0,0.0,1.0,0.0,1.0,3.0
201500047590,1,6.0,,,3.0,6.0,17.0,0.0,0.0,1.0,1.0,15.0,210.0,1.0,0.0,1.0,0.0
201500028239,4,0.0,,,2.0,2.0,,0.0,0.0,1.0,1.0,0.0,57.0,2.0,0.0,1.0,99.0
201500038051,4,0.0,,,1.0,1.0,,,0.0,1.0,1.0,0.0,0.0,1.0,0.0,1.0,99.0
201500009878,9,0.0,,,2.0,2.0,,,0.0,1.0,1.0,0.0,72.0,1.0,0.0,1.0,0.0
201500037768,4,0.0,,,1.0,1.0,,,0.0,1.0,1.0,0.0,0.0,2.0,0.0,1.0,3.0
201500025376,4,0.0,,,2.0,2.0,,,0.0,1.0,1.0,0.0,60.0,1.0,0.0,1.0,3.0
201500010905,4,0.0,,,2.0,0.0,,,0.0,1.0,1.0,0.0,0.0,1.0,0.0,1.0,0.0
201500031598,4,0.0,,,2.0,2.0,,,0.0,1.0,1.0,0.0,85.0,1.0,0.0,1.0,0.0
201500051885,4,0.0,,,1.0,1.0,,,0.0,1.0,1.0,0.0,60.0,1.0,0.0,1.0,0.0
201500014284,3,8.0,,N,2.0,2.0,,,0.0,1.0,1.0,0.0,30.0,1.0,0.0,1.0,0.0
201500042910,2,,,,3.0,6.0,,,0.0,1.0,1.0,0.0,0.0,1.0,0.0,1.0,0.0
201500017700,3,29.0,,,2.0,2.0,28.0,850.0,0.0,1.0,1.0,0.0,35.0,1.0,0.0,1.0,99.0
201500029472,4,0.0,,,2.0,0.0,,,0.0,1.0,1.0,0.0,50.0,1.0,0.0,1.0,0.0
201500056059,4,0.0,,,2.0,2.0,,,0.0,1.0,1.0,0.0,63.0,1.0,0.0,1.0,0.0
201500018810,3,1420.0,,,2.0,2.0,2.0,250.0,0.0,1.0,2.0,0.0,70.0,1.0,0.0,3.0,0.0
201500029936,3,0.0,,,2.0,2.0,,,1.0,1.0,1.0,0.0,60.0,1.0,5.0,1.0,99.0
201500038129,4,0.0,,,2.0,1.0,,,0.0,0.0,0.0,0.0,0.0,0.0,0.0,1.0,0.0
201500000565,4,1.0,,,2.0,2.0,,,0.0,2.0,1.0,0.0,50.0,1.0,0.0,1.0,0.0
201500051901,4,0.0,,,2.0,5.0,,,3.0,0.0,1.0,0.0,250.0,2.0,0.0,1.0,0.0
201500006991,3,18.0,,,2.0,2.0,24.0,800.0,0.0,0.0,1.0,0.0,50.0,1.0,0.0,1.0,0.0
201500007846,9,0.0,,,2.0,0.0,0.0,0.0,0.0,1.0,1.0,0.0,0.0,1.0,0.0,0.0,99.0
201500025268,4,,,,3.0,2.0,,,0.0,1.0,1.0,0.0,0.0,2.0,0.0,1.0,99.0
201500001247,3,13.0,,,2.0,0.0,7.0,890.0,0.0,0.0,1.0,0.0,0.0,1.0,0.0,3.0,99.0
201500006145,3,1.0,,,2.0,2.0,,,0.0,1.0,1.0,0.0,60.0,1.0,0.0,1.0,99.0
201500002970,3,918.0,,,2.0,2.0,101.0,67.0,0.0,0.0,0.0,0.0,0.0,1.0,0.0,3.0,0.0
201500057249,2,,,,3.0,0.0,,,0.0,0.0,0.0,0.0,0.0,0.0,0.0,1.0,0.0
201500047674,4,0.0,,,2.0,2.0,,,0.0,1.0,1.0,0.0,50.0,1.0,0.0,1.0,3.0
201500041203,4,0.0,,,1.0,1.0,,,0.0,1.0,1.0,0.0,0.0,1.0,0.0,1.0,3.0
201500054010,4,0.0,,,2.0,2.0,,,0.0,1.0,1.0,0.0,0.0,1.0,0.0,1.0,99.0
201500028377,4,0.0,,,2.0,1.0,,,0.0,1.0,1.0,0.0,0.0,0.0,0.0,1.0,0.0
201500001228,3,765.0,,,2.0,2.0,67.0,,0.0,0.0,1.0,0.0,0.0,1.0,0.0,1.0,0.0
201500054229,4,0.0,,,0.0,3.0,,,0.0,1.0,0.0,0.0,300.0,1.0,0.0,1.0,0.0
201500055529,4,0.0,,,1.0,4.0,,,0.0,1.0,1.0,0.0,0.0,2.0,0.0,1.0,99.0
201500038593,4,0.0,,,1.0,1.0,,,0.0,1.0,1.0,0.0,0.0,1.0,0.0,1.0,0.0
201500001478,3,35.0,,,2.0,0.0,21.0,212.0,0.0,1.0,0.0,0.0,70.0,1.0,0.0,4.0,99.0
201500041773,4,0.0,,,1.0,1.0,,,0.0,1.0,1.0,0.0,56.0,1.0,0.0,0.0,0.0
201500048487,4,0.0,,,0.0,1.0,,,0.0,1.0,1.0,0.0,10.0,0.0,0.0,1.0,0.0
201500019167,4,0.0,,,2.0,2.0,,,0.0,1.0,1.0,0.0,58.0,1.0,0.0,1.0,99.0
201500036709,4,0.0,,,2.0,2.0,0.0,0.0,0.0,1.0,1.0,0.0,0.0,1.0,0.0,1.0,0.0
201500031768,4,0.0,,,2.0,2.0,,,0.0,0.0,0.0,0.0,120.0,1.0,0.0,0.0,0.0
201500043716,3,0.0,,,2.0,4.0,,,0.0,1.0,1.0,0.0,0.0,1.0,0.0,1.0,0.0
201500007651,6,,,,0.0,0.0,,,0.0,1.0,1.0,0.0,0.0,1.0,0.0,0.0,99.0
201500022240,3,6.0,,,2.0,2.0,13.0,200.0,0.0,1.0,1.0,0.0,70.0,1.0,0.0,3.0,0.0
201500041667,4,0.0,,,1.0,2.0,,,0.0,1.0,1.0,50.0,65.0,2.0,0.0,1.0,99.0
201500041014,4,0.0,,,1.0,1.0,,,0.0,1.0,1.0,0.0,60.0,1.0,0.0,1.0,99.0
201500010394,4,0.0,,,2.0,1.0,,,0.0,1.0,1.0,0.0,69.0,1.0,0.0,4.0,0.0
201500058007,4,0.0,,,2.0,2.0,,,0.0,2.0,1.0,0.0,70.0,1.0,0.0,1.0,99.0
201500045192,1,86.0,,,3.0,2.0,5.0,500.0,0.0,1.0,3.0,15.0,35.0,1.0,2.0,1.0,99.0
201500015960,4,,,,2.0,2.0,,,0.0,1.0,1.0,0.0,60.0,2.0,0.0,5.0,0.0
201500035690,3,162.0,,,3.0,6.0,8.0,668.0,0.0,1.0,1.0,10.0,150.0,1.0,5.0,1.0,3.0
201500043260,4,0.0,,,2.0,2.0,1.0,0.0,0.0,1.0,1.0,0.0,66.0,1.0,0.0,1.0,0.0
201500037787,4,0.0,,,2.0,2.0,,,0.0,2.0,1.0,0.0,0.0,1.0,0.0,1.0,99.0
201500043232,4,0.0,,,2.0,2.0,,,0.0,1.0,1.0,0.0,70.0,2.0,0.0,1.0,0.0
201500036459,2,20.0,,,3.0,4.0,10.0,500.0,0.0,2.0,1.0,0.0,0.0,2.0,0.0,1.0,99.0
201500012832,4,0.0,,,2.0,2.0,,,0.0,1.0,1.0,0.0,0.0,1.0,0.0,1.0,99.0
201500022531,3,0.0,,,2.0,0.0,,,0.0,1.0,1.0,0.0,0.0,1.0,0.0,1.0,99.0
201500008914,3,244.0,,,2.0,2.0,0.0,,0.0,1.0,1.0,0.0,52.0,1.0,0.0,1.0,0.0
201500057950,4,0.0,,,2.0,1.0,,,0.0,1.0,1.0,0.0,70.0,1.0,0.0,1.0,0.0
201500038254,3,0.0,,,2.0,4.0,,,0.0,1.0,1.0,0.0,0.0,2.0,0.0,1.0,99.0
201500044392,4,,,,1.0,0.0,,,0.0,1.0,1.0,0.0,80.0,1.0,0.0,1.0,99.0
201500054866,4,0.0,,,1.0,1.0,,,0.0,2.0,1.0,0.0,0.0,1.0,5.0,1.0,0.0
201500057054,2,1.0,2.0,,2.0,2.0,39.0,300.0,0.0,2.0,2.0,0.0,50.0,1.0,0.0,1.0,99.0
201500053300,4,0.0,,,2.0,1.0,,,2.0,1.0,1.0,0.0,0.0,0.0,0.0,5.0,99.0
201500021856,3,783.0,,,2.0,2.0,52.0,50.0,0.0,1.0,1.0,0.0,0.0,1.0,0.0,1.0,99.0
201500049641,1,7.0,,,3.0,3.0,0.0,700.0,0.0,1.0,1.0,0.0,105.0,1.0,0.0,1.0,0.0
201500028250,4,0.0,,,1.0,2.0,1.0,0.0,0.0,1.0,1.0,0.0,58.0,1.0,0.0,1.0,99.0
201500048634,4,0.0,,,1.0,2.0,,,3.0,1.0,1.0,0.0,0.0,1.0,0.0,1.0,0.0
201500002550,3,204.0,,E,2.0,2.0,3.0,350.0,0.0,0.0,2.0,0.0,75.0,1.0,0.0,1.0,0.0
201500023731,4,0.0,,,2.0,2.0,,,0.0,1.0,1.0,0.0,0.0,1.0,0.0,1.0,0.0
201500054641,4,0.0,,,3.0,2.0,,,0.0,1.0,1.0,35.0,68.0,1.0,0.0,1.0,99.0
201500054624,4,0.0,,,2.0,2.0,,,0.0,1.0,1.0,0.0,200.0,1.0,0.0,1.0,0.0
201500057327,4,0.0,,,2.0,2.0,,,0.0,0.0,0.0,0.0,0.0,0.0,0.0,1.0,0.0
201500044333,3,84.0,,,3.0,4.0,1.0,450.0,0.0,1.0,1.0,,,2.0,0.0,1.0,3.0
201500002332,4,5.0,,,2.0,1.0,,,0.0,1.0,1.0,0.0,48.0,1.0,5.0,1.0,99.0
201500049097,2,230.0,,,2.0,7.0,34.0,0.0,0.0,1.0,1.0,0.0,175.0,1.0,0.0,1.0,99.0
201500019634,4,0.0,,,2.0,2.0,,,0.0,0.0,0.0,0.0,60.0,0.0,0.0,1.0,0.0
201500028773,4,0.0,,,1.0,2.0,,,0.0,2.0,1.0,0.0,0.0,2.0,0.0,1.0,3.0
201500033510,4,0.0,,,2.0,0.0,,,0.0,1.0,1.0,0.0,63.0,1.0,0.0,1.0,3.0
201500047174,1,6.0,,B,3.0,4.0,1.0,900.0,0.0,1.0,1.0,15.0,140.0,1.0,0.0,1.0,99.0
201500051882,4,0.0,,,1.0,2.0,,,0.0,1.0,1.0,0.0,100.0,1.0,0.0,1.0,0.0
201500018296,3,150.0,,,2.0,2.0,10.0,800.0,0.0,2.0,2.0,0.0,60.0,1.0,0.0,1.0,99.0
201500002762,3,17.0,,,2.0,2.0,24.0,800.0,0.0,1.0,1.0,0.0,0.0,1.0,0.0,1.0,99.0
201500004156,3,21.0,,,2.0,0.0,,,0.0,0.0,1.0,0.0,0.0,1.0,0.0,1.0,0.0
201500000730,3,21.0,,,2.0,0.0,8.0,550.0,0.0,2.0,3.0,0.0,0.0,2.0,0.0,3.0,0.0
201500013048,4,0.0,,,2.0,2.0,,,0.0,1.0,1.0,0.0,0.0,1.0,0.0,1.0,0.0
201500000829,3,20.0,,,2.0,0.0,22.0,0.0,0.0,1.0,2.0,0.0,0.0,1.0,0.0,1.0,0.0
201500018394,3,996.0,,,2.0,2.0,,,0.0,1.0,1.0,0.0,66.0,1.0,0.0,1.0,0.0
201500009539,3,111.0,,,2.0,2.0,0.0,200.0,0.0,1.0,1.0,0.0,52.0,1.0,0.0,1.0,99.0
201500051111,4,0.0,,,1.0,2.0,,,3.0,1.0,1.0,3.0,91.0,1.0,0.0,5.0,0.0
201500047126,1,6.0,,A,3.0,4.0,1.0,0.0,0.0,1.0,1.0,15.0,140.0,1.0,0.0,1.0,99.0
201500048699,4,0.0,,,0.0,3.0,,,0.0,1.0,1.0,0.0,0.0,1.0,0.0,1.0,0.0
201500036286,3,606.0,,,2.0,3.0,31.0,280.0,0.0,1.0,1.0,0.0,117.0,1.0,0.0,1.0,99.0
201500011602,3,137.0,,,2.0,0.0,21.0,500.0,0.0,1.0,1.0,0.0,0.0,1.0,0.0,1.0,0.0
201500022326,3,5.0,,,2.0,2.0,1.0,390.0,0.0,0.0,3.0,0.0,64.0,1.0,0.0,1.0,99.0
201500006197,3,31.0,,,2.0,2.0,14.0,200.0,2.0,2.0,1.0,0.0,59.0,1.0,0.0,1.0,0.0
201500039477,4,0.0,,,2.0,0.0,,,0.0,1.0,1.0,0.0,102.0,1.0,0.0,1.0,99.0
201500037774,4,0.0,,,1.0,1.0,,,0.0,1.0,1.0,0.0,0.0,1.0,0.0,1.0,99.0
201500016512,3,764.0,,,2.0,2.0,19.0,425.0,0.0,1.0,1.0,0.0,67.0,1.0,0.0,3.0,0.0
201500029615,4,0.0,,,2.0,2.0,,,0.0,1.0,1.0,0.0,61.0,1.0,0.0,1.0,99.0
201500022611,4,0.0,,,0.0,0.0,,,0.0,1.0,1.0,0.0,0.0,2.0,0.0,0.0,0.0
201500003121,3,739.0,,,2.0,2.0,5.0,380.0,0.0,2.0,2.0,0.0,66.0,2.0,0.0,3.0,99.0
201500030895,1,216.0,,,1.0,2.0,1.0,0.0,3.0,1.0,1.0,0.0,120.0,1.0,0.0,1.0,0.0
201500033416,4,0.0,,,2.0,2.0,,,2.0,1.0,1.0,0.0,58.0,1.0,0.0,5.0,0.0
201500024334,3,912.0,,,0.0,1.0,2.0,190.0,0.0,1.0,1.0,0.0,110.0,1.0,0.0,0.0,99.0
201500007271,3,457.0,,,2.0,3.0,8.0,300.0,0.0,1.0,3.0,0.0,160.0,1.0,0.0,1.0,0.0
201500038500,3,0.0,,,1.0,2.0,,,0.0,1.0,1.0,0.0,0.0,1.0,0.0,1.0,3.0
201500026098,3,202.0,,,2.0,4.0,0.0,0.0,0.0,1.0,1.0,,,1.0,5.0,1.0,99.0
201500005804,4,0.0,,,2.0,2.0,,,0.0,1.0,1.0,0.0,50.0,1.0,0.0,1.0,99.0
201500046736,1,86.0,,,1.0,1.0,6.0,200.0,0.0,0.0,0.0,0.0,0.0,0.0,0.0,1.0,0.0
201500017080,3,834.0,,,2.0,2.0,26.0,200.0,0.0,1.0,1.0,0.0,102.0,1.0,0.0,1.0,99.0
201500017419,3,311.0,,,2.0,2.0,5.0,500.0,0.0,1.0,1.0,0.0,0.0,1.0,0.0,1.0,99.0
201500023331,4,0.0,,,2.0,4.0,,,1.0,2.0,1.0,0.0,0.0,1.0,0.0,1.0,0.0
201500047630,1,6.0,,,3.0,6.0,20.0,900.0,0.0,1.0,1.0,15.0,210.0,1.0,0.0,1.0,99.0
201500051915,4,0.0,,,1.0,2.0,,,0.0,1.0,1.0,0.0,50.0,1.0,0.0,1.0,99.0
201500027892,4,682.0,,,2.0,2.0,,,0.0,2.0,1.0,0.0,0.0,1.0,0.0,4.0,99.0
201500026303,4,0.0,,,2.0,2.0,,,0.0,1.0,1.0,0.0,60.0,2.0,0.0,1.0,99.0
201500001073,4,0.0,,,1.0,1.0,,,0.0,0.0,1.0,0.0,0.0,1.0,0.0,1.0,99.0
201500013730,3,5.0,,,3.0,2.0,,,0.0,1.0,4.0,70.0,50.0,1.0,5.0,1.0,99.0
201500001183,3,769.0,,,2.0,0.0,66.0,67.0,0.0,2.0,3.0,0.0,56.0,1.0,0.0,1.0,0.0
201500048918,4,0.0,,,3.0,4.0,,,0.0,1.0,1.0,0.0,62.0,1.0,0.0,1.0,0.0
201500020748,3,940.0,,,2.0,2.0,0.0,0.0,0.0,1.0,1.0,0.0,0.0,1.0,0.0,1.0,0.0
201500045931,1,1.0,,,3.0,3.0,10.0,400.0,0.0,1.0,1.0,0.0,75.0,1.0,0.0,1.0,99.0
201500035827,4,0.0,,,1.0,1.0,,,0.0,1.0,1.0,0.0,36.0,1.0,0.0,1.0,99.0
201500003759,3,32.0,,D,2.0,2.0,14.0,650.0,0.0,2.0,3.0,0.0,69.0,1.0,0.0,3.0,99.0
201500037434,4,0.0,,,1.0,0.0,,,0.0,1.0,0.0,0.0,0.0,1.0,0.0,1.0,0.0
201500006316,3,419.0,,,3.0,4.0,19.0,0.0,0.0,1.0,1.0,20.0,148.0,1.0,0.0,1.0,0.0
201500041762,4,0.0,,,2.0,2.0,,,1.0,2.0,1.0,0.0,64.0,1.0,0.0,1.0,99.0
201500040658,4,0.0,,,0.0,2.0,,,0.0,1.0,0.0,0.0,80.0,1.0,0.0,1.0,0.0
201500054054,4,0.0,,,1.0,1.0,,,0.0,1.0,1.0,0.0,0.0,1.0,0.0,1.0,0.0
201500047084,2,104.0,,,1.0,2.0,27.0,500.0,0.0,1.0,1.0,15.0,70.0,2.0,0.0,1.0,99.0
201500048819,4,0.0,,,2.0,4.0,,,3.0,1.0,1.0,0.0,0.0,2.0,0.0,1.0,99.0
201500016393,4,,,,2.0,4.0,,,0.0,1.0,1.0,0.0,120.0,1.0,0.0,1.0,99.0
201500042585,4,0.0,,,1.0,0.0,1.0,0.0,0.0,0.0,0.0,0.0,0.0,0.0,0.0,1.0,99.0
201500010759,4,0.0,,,2.0,2.0,,,0.0,1.0,1.0,0.0,60.0,1.0,0.0,1.0,0.0
201500003699,3,911.0,,,2.0,2.0,64.0,100.0,0.0,2.0,3.0,0.0,81.0,7.0,0.0,1.0,99.0
201500008582,3,981.0,,,2.0,2.0,17.0,350.0,0.0,1.0,1.0,0.0,75.0,1.0,5.0,1.0,99.0
201500016649,3,164.0,,,2.0,2.0,0.0,0.0,0.0,1.0,1.0,0.0,0.0,1.0,0.0,1.0,99.0
201500016003,3,35.0,,,2.0,2.0,,,0.0,1.0,1.0,,,1.0,0.0,1.0,99.0
201500031159,4,0.0,,,2.0,2.0,1.0,0.0,0.0,1.0,1.0,0.0,34.0,1.0,0.0,1.0,99.0
201500010539,3,0.0,,,1.0,1.0,,,0.0,1.0,1.0,0.0,30.0,1.0,0.0,1.0,99.0
201500053538,4,0.0,,,2.0,4.0,,,3.0,1.0,1.0,0.0,120.0,2.0,0.0,1.0,99.0
201500008926,4,0.0,,,2.0,2.0,,,0.0,1.0,1.0,0.0,32.0,1.0,0.0,1.0,99.0
201500002886,3,661.0,,,2.0,2.0,6.0,1600.0,0.0,1.0,2.0,0.0,60.0,1.0,2.0,3.0,99.0
201500022893,4,0.0,,,2.0,2.0,,,0.0,1.0,1.0,0.0,0.0,1.0,0.0,1.0,0.0
201500009235,3,402.0,,,2.0,2.0,0.0,0.0,0.0,1.0,1.0,0.0,0.0,2.0,0.0,1.0,0.0
201500034644,3,135.0,,,2.0,2.0,33.0,640.0,0.0,1.0,1.0,,,1.0,0.0,1.0,0.0
201500054195,4,0.0,,,2.0,4.0,,,0.0,2.0,1.0,0.0,0.0,1.0,0.0,1.0,0.0
201500055136,4,0.0,,,2.0,2.0,,,0.0,1.0,1.0,10.0,50.0,1.0,1.0,1.0,99.0
201500032307,4,0.0,,,2.0,4.0,,,0.0,1.0,1.0,0.0,120.0,1.0,0.0,1.0,0.0
201500041817,4,0.0,,,1.0,0.0,,,0.0,1.0,0.0,0.0,0.0,2.0,0.0,1.0,99.0
201500030382,4,0.0,,,2.0,2.0,,,0.0,1.0,1.0,0.0,75.0,2.0,0.0,1.0,0.0
201500058214,2,1.0,,,1.0,2.0,82.0,0.0,0.0,1.0,1.0,0.0,80.0,1.0,0.0,2.0,99.0
201500033421,4,0.0,,,0.0,1.0,,,0.0,2.0,1.0,0.0,45.0,1.0,0.0,1.0,0.0
201500015020,4,0.0,,,2.0,5.0,,,0.0,1.0,1.0,0.0,180.0,1.0,0.0,1.0,0.0
201500020481,4,,,,2.0,2.0,,,0.0,1.0,1.0,0.0,0.0,1.0,5.0,1.0,0.0
201500030728,3,916.0,,,2.0,2.0,5.0,100.0,0.0,1.0,0.0,0.0,0.0,1.0,0.0,1.0,0.0
201500048440,4,0.0,,,1.0,3.0,0.0,1.0,0.0,1.0,1.0,0.0,0.0,2.0,0.0,1.0,99.0
201500057000,2,3.0,,,0.0,2.0,18.0,0.0,0.0,0.0,1.0,0.0,0.0,2.0,0.0,1.0,0.0
201500028864,3,0.0,,,2.0,2.0,,,0.0,1.0,1.0,0.0,68.0,1.0,0.0,3.0,99.0
201500021995,4,0.0,,,0.0,2.0,,,0.0,1.0,1.0,0.0,60.0,2.0,0.0,0.0,0.0
201500058518,3,3.0,2.0,,2.0,0.0,,,0.0,1.0,1.0,0.0,0.0,1.0,0.0,1.0,0.0
201500035098,4,0.0,,,1.0,1.0,499.0,0.0,0.0,2.0,1.0,100.0,74.0,1.0,5.0,1.0,99.0
201500005978,4,958.0,,,2.0,2.0,0.0,0.0,0.0,1.0,1.0,0.0,0.0,1.0,0.0,1.0,0.0
201500054754,4,0.0,,,0.0,1.0,,,0.0,2.0,1.0,0.0,0.0,1.0,0.0,1.0,99.0
201500009710,4,0.0,,,2.0,2.0,,,0.0,1.0,1.0,0.0,0.0,1.0,0.0,1.0,99.0
201500015398,3,8.0,,N,2.0,2.0,,,0.0,1.0,1.0,0.0,73.0,1.0,0.0,1.0,0.0
201500051769,4,0.0,,,0.0,4.0,,,0.0,0.0,1.0,0.0,100.0,1.0,0.0,1.0,0.0
201500049829,3,383.0,,,1.0,4.0,8.0,800.0,0.0,2.0,1.0,20.0,35.0,1.0,0.0,1.0,99.0
201500023696,4,0.0,,,0.0,1.0,,,0.0,0.0,0.0,0.0,0.0,0.0,0.0,0.0,0.0
201500010497,4,0.0,,,1.0,1.0,,,0.0,1.0,1.0,15.0,25.0,1.0,6.0,1.0,99.0
201500053189,4,0.0,,,2.0,2.0,,,1.0,1.0,1.0,0.0,70.0,1.0,0.0,5.0,99.0
201500000222,3,341.0,,,2.0,0.0,4.0,450.0,0.0,1.0,1.0,0.0,0.0,2.0,0.0,1.0,0.0
201500017680,3,68.0,,,2.0,2.0,16.0,0.0,0.0,1.0,1.0,0.0,0.0,2.0,0.0,1.0,99.0
201500000463,3,121.0,,,2.0,2.0,17.0,490.0,0.0,1.0,4.0,0.0,44.0,1.0,0.0,3.0,0.0
201500019818,3,766.0,,D,2.0,2.0,2.0,1000.0,0.0,1.0,4.0,0.0,60.0,1.0,0.0,3.0,99.0
201500030834,3,165.0,,2,2.0,2.0,0.0,1.0,0.0,1.0,1.0,0.0,110.0,1.0,5.0,1.0,0.0
201500040180,4,0.0,,,0.0,0.0,,,0.0,0.0,0.0,0.0,0.0,0.0,0.0,0.0,99.0
201500012693,1,49.0,,,3.0,4.0,41.0,700.0,0.0,0.0,1.0,10.0,140.0,1.0,0.0,1.0,0.0
201500035404,4,0.0,,,2.0,2.0,,,0.0,1.0,1.0,0.0,60.0,1.0,0.0,1.0,99.0
201500039303,3,0.0,,,2.0,0.0,,,0.0,1.0,1.0,0.0,0.0,1.0,0.0,1.0,0.0
201500035723,4,0.0,,,2.0,2.0,,,0.0,2.0,3.0,0.0,70.0,1.0,0.0,0.0,99.0
201500021957,4,,,,1.0,1.0,,,0.0,1.0,1.0,0.0,25.0,1.0,0.0,0.0,0.0
201500047997,3,0.0,,,1.0,2.0,0.0,1.0,0.0,2.0,2.0,0.0,0.0,1.0,0.0,1.0,99.0
201500016173,3,368.0,,,2.0,2.0,,,0.0,1.0,1.0,0.0,0.0,0.0,0.0,1.0,3.0
201500035147,3,211.0,,,2.0,2.0,0.0,380.0,0.0,2.0,1.0,0.0,80.0,2.0,0.0,4.0,99.0
201500022426,4,0.0,,,2.0,3.0,,,0.0,1.0,1.0,0.0,0.0,1.0,0.0,1.0,99.0
201500003639,3,2.0,,,2.0,2.0,58.0,350.0,0.0,3.0,1.0,0.0,120.0,1.0,5.0,1.0,99.0
201500057251,2,,,,3.0,5.0,,,0.0,1.0,1.0,0.0,0.0,1.0,0.0,1.0,99.0
201500023831,4,0.0,,,1.0,2.0,,,0.0,1.0,1.0,0.0,0.0,1.0,0.0,1.0,0.0
201500023585,4,0.0,,,3.0,7.0,,,0.0,1.0,1.0,10.0,72.0,1.0,0.0,1.0,0.0
201500016715,3,51.0,,,2.0,2.0,1.0,650.0,0.0,1.0,1.0,0.0,75.0,2.0,0.0,1.0,0.0
201500039709,4,0.0,,,1.0,1.0,,,0.0,0.0,0.0,0.0,0.0,1.0,0.0,1.0,0.0
201500051667,4,0.0,,,2.0,2.0,,,0.0,1.0,1.0,0.0,0.0,0.0,0.0,1.0,0.0
201500023377,4,,,,2.0,2.0,,,0.0,1.0,1.0,4.0,60.0,1.0,0.0,1.0,0.0
201500026363,4,0.0,,,2.0,2.0,,,0.0,1.0,1.0,0.0,105.0,2.0,0.0,1.0,0.0
201500024637,4,,,,2.0,2.0,,,0.0,1.0,1.0,0.0,75.0,1.0,0.0,1.0,99.0
201500021325,1,6.0,,,3.0,3.0,320.0,670.0,0.0,1.0,1.0,25.0,105.0,1.0,0.0,1.0,0.0
201500009961,4,,,,2.0,2.0,,,0.0,0.0,1.0,0.0,0.0,1.0,0.0,1.0,0.0
201500047036,1,6.0,,,3.0,6.0,13.0,500.0,0.0,1.0,1.0,15.0,105.0,2.0,0.0,1.0,99.0
201500038834,3,0.0,,,2.0,2.0,,,0.0,1.0,1.0,0.0,56.0,1.0,0.0,1.0,0.0
201500035622,3,1.0,,,2.0,2.0,17.0,700.0,0.0,1.0,1.0,0.0,0.0,1.0,0.0,1.0,3.0
201500038426,4,0.0,,,1.0,1.0,,,0.0,1.0,1.0,0.0,60.0,1.0,0.0,1.0,99.0
201500027367,4,0.0,,,0.0,2.0,,,0.0,1.0,1.0,0.0,60.0,2.0,0.0,1.0,0.0
201500041698,4,0.0,,,2.0,2.0,,,0.0,1.0,1.0,0.0,0.0,1.0,0.0,1.0,99.0
201500054427,4,0.0,,,1.0,3.0,,,0.0,1.0,1.0,0.0,0.0,1.0,0.0,1.0,0.0
201500048628,4,0.0,,,0.0,2.0,,,0.0,1.0,1.0,0.0,0.0,1.0,0.0,0.0,0.0
201500056036,4,0.0,,,3.0,2.0,,,0.0,1.0,1.0,97.0,93.0,2.0,0.0,1.0,99.0
201500051344,4,0.0,,,1.0,2.0,,,0.0,2.0,1.0,0.0,75.0,1.0,0.0,1.0,0.0
201500007402,1,7.0,,,1.0,3.0,35.0,500.0,0.0,2.0,1.0,105.0,95.0,1.0,0.0,1.0,99.0
201500024070,4,0.0,,,3.0,3.0,,,0.0,1.0,1.0,16.0,22.0,1.0,0.0,1.0,0.0
201500045577,1,86.0,,,1.0,3.0,11.0,500.0,0.0,1.0,2.0,15.0,105.0,1.0,1.0,1.0,99.0
201500026232,6,0.0,,,2.0,2.0,,,0.0,1.0,1.0,0.0,80.0,1.0,0.0,1.0,99.0
201500017373,3,76.0,,,2.0,2.0,1.0,750.0,0.0,2.0,1.0,0.0,0.0,1.0,0.0,3.0,99.0
201500010951,4,0.0,,,0.0,0.0,,,0.0,1.0,1.0,0.0,0.0,1.0,0.0,0.0,99.0
201500010566,4,0.0,,,2.0,3.0,,,0.0,1.0,1.0,0.0,88.0,1.0,0.0,1.0,0.0
201500023693,4,0.0,,,3.0,4.0,,,2.0,1.0,1.0,0.0,0.0,1.0,0.0,1.0,0.0
201500046431,1,13.0,,,3.0,0.0,48.0,0.0,0.0,1.0,1.0,0.0,0.0,1.0,0.0,1.0,99.0
201500028638,4,0.0,,,1.0,1.0,,,1.0,1.0,1.0,0.0,0.0,1.0,0.0,1.0,99.0
201500058623,2,2.0,2.0,,2.0,0.0,4.0,250.0,0.0,1.0,1.0,0.0,0.0,1.0,0.0,1.0,0.0
201500029393,3,953.0,,,2.0,2.0,,,0.0,1.0,1.0,0.0,144.0,1.0,0.0,1.0,99.0
201500008644,3,6580.0,,,3.0,0.0,21.0,665.0,0.0,1.0,1.0,40.0,40.0,1.0,5.0,1.0,99.0
201500006725,3,981.0,,,2.0,2.0,29.0,200.0,0.0,1.0,1.0,33.0,75.0,1.0,0.0,1.0,0.0
201500035044,4,0.0,,,3.0,4.0,,,0.0,1.0,1.0,0.0,60.0,1.0,0.0,1.0,99.0
201500014055,3,908.0,,,2.0,2.0,20.0,0.0,0.0,2.0,0.0,0.0,60.0,1.0,0.0,0.0,0.0
201500043678,4,0.0,,,2.0,0.0,,,0.0,1.0,1.0,0.0,0.0,1.0,0.0,1.0,99.0
201500040577,4,0.0,,,2.0,2.0,1.0,0.0,0.0,1.0,1.0,0.0,30.0,2.0,0.0,1.0,99.0
201500025741,4,0.0,,,2.0,2.0,,,0.0,1.0,1.0,0.0,70.0,2.0,0.0,1.0,99.0
201500055469,4,0.0,,,3.0,1.0,,,3.0,1.0,1.0,20.0,35.0,1.0,0.0,1.0,0.0
201500027211,4,60.0,,,3.0,2.0,103.0,626.0,0.0,1.0,1.0,10.0,150.0,1.0,0.0,1.0,99.0
201500057973,4,0.0,,,2.0,2.0,1.0,0.0,0.0,1.0,0.0,72.0,72.0,1.0,0.0,1.0,0.0
201500008820,3,159.0,,,2.0,2.0,5.0,950.0,0.0,1.0,2.0,0.0,58.0,1.0,0.0,1.0,3.0
201500017054,3,923.0,,,2.0,2.0,32.0,930.0,0.0,1.0,3.0,0.0,70.0,1.0,0.0,4.0,3.0
201500055645,4,0.0,,,1.0,2.0,,,0.0,1.0,1.0,0.0,0.0,1.0,0.0,1.0,0.0
201500017087,3,817.0,,,2.0,2.0,0.0,300.0,0.0,0.0,1.0,0.0,79.0,2.0,0.0,1.0,0.0
201500015042,3,908.0,,,2.0,2.0,,,0.0,1.0,1.0,0.0,75.0,1.0,0.0,4.0,99.0
201500046032,1,15.0,,,3.0,6.0,8.0,300.0,0.0,1.0,1.0,,,1.0,0.0,1.0,99.0
201500003496,3,24.0,,,2.0,2.0,24.0,655.0,0.0,1.0,1.0,0.0,58.0,1.0,0.0,1.0,0.0
201500038202,3,0.0,,,2.0,6.0,,,3.0,0.0,0.0,0.0,150.0,1.0,0.0,1.0,0.0
201500025176,4,0.0,,,2.0,2.0,,,3.0,0.0,0.0,0.0,0.0,0.0,0.0,1.0,0.0
201500021589,4,0.0,,,0.0,0.0,,,0.0,1.0,1.0,0.0,0.0,2.0,0.0,1.0,99.0
201500016583,3,808.0,,,2.0,2.0,9.0,465.0,0.0,2.0,2.0,65.0,0.0,1.0,0.0,1.0,0.0
201500000110,3,121.0,,,0.0,0.0,,,0.0,0.0,0.0,0.0,0.0,1.0,0.0,1.0,0.0
201500014015,3,4.0,,,2.0,2.0,,,0.0,1.0,1.0,0.0,60.0,1.0,0.0,1.0,0.0
201500003804,3,924.0,,,2.0,2.0,,,0.0,1.0,1.0,0.0,61.0,1.0,0.0,1.0,99.0
201500017118,4,0.0,,,2.0,2.0,0.0,0.0,0.0,1.0,1.0,0.0,60.0,1.0,0.0,1.0,99.0
201500001633,3,117.0,,A,2.0,3.0,2.0,490.0,0.0,1.0,1.0,0.0,0.0,2.0,5.0,0.0,99.0
201500056342,4,0.0,,,1.0,4.0,33.0,600.0,0.0,1.0,1.0,15.0,140.0,1.0,0.0,1.0,0.0
201500052324,4,0.0,,,2.0,2.0,,,0.0,1.0,1.0,0.0,0.0,1.0,0.0,1.0,0.0
201500034510,3,0.0,,,2.0,2.0,,,0.0,2.0,1.0,35.0,100.0,1.0,0.0,1.0,0.0
201500009799,3,6.0,,,2.0,0.0,17.0,400.0,0.0,2.0,2.0,0.0,65.0,1.0,0.0,1.0,0.0
201500047829,4,0.0,,,3.0,4.0,,,0.0,2.0,1.0,0.0,132.0,2.0,0.0,1.0,0.0
201500010908,4,0.0,,,2.0,7.0,,,2.0,1.0,1.0,18.0,233.0,1.0,0.0,1.0,99.0
201500013950,4,0.0,,,1.0,0.0,,,0.0,1.0,1.0,0.0,0.0,2.0,0.0,1.0,0.0
201500028336,3,0.0,,,2.0,2.0,22.0,673.0,0.0,1.0,1.0,0.0,35.0,1.0,0.0,1.0,0.0
201500037839,4,0.0,,,2.0,2.0,,,0.0,1.0,1.0,0.0,0.0,1.0,0.0,1.0,0.0
201500007921,3,957.0,,,2.0,0.0,23.0,10.0,0.0,2.0,2.0,0.0,59.0,1.0,0.0,1.0,0.0
201500030118,4,0.0,,,2.0,2.0,,,0.0,1.0,1.0,0.0,80.0,1.0,0.0,1.0,99.0
201500052552,4,0.0,,,1.0,1.0,,,0.0,1.0,3.0,0.0,50.0,1.0,0.0,0.0,0.0
201500018567,4,0.0,,,2.0,1.0,0.0,0.0,0.0,1.0,1.0,0.0,35.0,1.0,4.0,0.0,0.0
201500023692,4,0.0,,,2.0,3.0,,,0.0,1.0,1.0,0.0,0.0,1.0,0.0,1.0,0.0
201500004725,4,0.0,,,2.0,2.0,,,0.0,1.0,1.0,0.0,61.0,1.0,0.0,1.0,99.0
201500005454,3,55.0,,,2.0,0.0,1.0,200.0,0.0,0.0,1.0,0.0,0.0,1.0,0.0,1.0,0.0
201500037669,4,92.0,,,1.0,0.0,,,0.0,1.0,1.0,0.0,0.0,1.0,0.0,1.0,3.0
201500028285,4,0.0,,,2.0,2.0,,,0.0,1.0,1.0,0.0,60.0,1.0,0.0,1.0,99.0
201500011989,3,959.0,,,2.0,2.0,2.0,442.0,0.0,1.0,3.0,0.0,75.0,1.0,0.0,1.0,99.0
201500015797,4,0.0,,,3.0,4.0,,,0.0,2.0,1.0,0.0,0.0,1.0,0.0,1.0,0.0
201500031506,4,0.0,,,2.0,2.0,,,0.0,1.0,1.0,0.0,0.0,1.0,0.0,0.0,0.0
201500041343,9,0.0,,,2.0,3.0,,,0.0,1.0,1.0,80.0,60.0,1.0,0.0,1.0,0.0
201500028457,4,0.0,,,2.0,2.0,,,0.0,1.0,1.0,0.0,0.0,1.0,0.0,1.0,0.0
201500039080,4,0.0,,,0.0,2.0,,,0.0,1.0,1.0,0.0,60.0,1.0,0.0,1.0,99.0
201500012929,1,64.0,,,3.0,0.0,192.0,900.0,0.0,0.0,1.0,20.0,165.0,1.0,3.0,3.0,0.0
201500030589,4,,,,2.0,2.0,,,0.0,1.0,1.0,0.0,81.0,1.0,0.0,1.0,0.0
201500015751,4,0.0,,,2.0,4.0,,,0.0,1.0,1.0,0.0,120.0,1.0,0.0,1.0,0.0
201500039544,4,0.0,,,3.0,3.0,,,0.0,1.0,1.0,0.0,0.0,1.0,0.0,1.0,99.0
201500056611,3,27.0,,,2.0,2.0,0.0,0.0,0.0,3.0,4.0,0.0,56.0,1.0,0.0,1.0,99.0
201500038492,9,0.0,,,2.0,2.0,,,0.0,1.0,1.0,0.0,0.0,1.0,0.0,4.0,99.0
201500022113,4,,,,1.0,2.0,,,0.0,1.0,1.0,0.0,68.0,0.0,0.0,1.0,0.0
201500030167,4,0.0,,,2.0,1.0,,,0.0,1.0,1.0,0.0,0.0,2.0,0.0,1.0,0.0
201500018398,3,323.0,,,2.0,2.0,21.0,600.0,0.0,2.0,3.0,0.0,70.0,1.0,0.0,1.0,99.0
201500024995,4,0.0,,,0.0,0.0,,,0.0,1.0,1.0,0.0,0.0,1.0,0.0,0.0,0.0
201500052468,4,0.0,,,1.0,1.0,,,0.0,2.0,1.0,0.0,100.0,2.0,5.0,1.0,3.0
201500021339,3,109.0,,,2.0,2.0,5.0,5.0,0.0,1.0,1.0,0.0,50.0,1.0,0.0,3.0,0.0
201500039446,4,0.0,,,1.0,1.0,,,0.0,1.0,1.0,0.0,48.0,1.0,0.0,0.0,0.0
201500054574,4,0.0,,,1.0,2.0,,,0.0,1.0,1.0,0.0,0.0,1.0,0.0,1.0,99.0
201500054225,4,0.0,,,2.0,4.0,,,3.0,1.0,1.0,0.0,0.0,1.0,0.0,1.0,99.0
201500025925,4,0.0,,,2.0,3.0,,,0.0,1.0,1.0,0.0,0.0,1.0,0.0,1.0,0.0
201500029134,4,0.0,,,2.0,2.0,,,0.0,0.0,0.0,0.0,0.0,0.0,0.0,1.0,0.0
201500011791,4,,,,1.0,2.0,,,0.0,1.0,1.0,0.0,0.0,1.0,0.0,0.0,0.0
201500053067,4,0.0,,,1.0,3.0,,,0.0,1.0,2.0,80.0,80.0,1.0,0.0,1.0,0.0
201500057431,2,1.0,,,3.0,4.0,0.0,500.0,0.0,1.0,1.0,0.0,0.0,1.0,0.0,1.0,99.0
201500024206,4,0.0,,,3.0,4.0,,,2.0,1.0,1.0,10.0,100.0,2.0,0.0,1.0,0.0
201500047440,1,6.0,,,3.0,6.0,33.0,860.0,0.0,1.0,1.0,15.0,210.0,1.0,0.0,1.0,0.0
201500041111,3,0.0,,,2.0,0.0,,,0.0,1.0,1.0,0.0,0.0,1.0,0.0,1.0,0.0
201500024622,3,132.0,,,2.0,2.0,4.0,700.0,0.0,1.0,1.0,0.0,60.0,1.0,0.0,1.0,99.0
201500029285,4,,,,2.0,2.0,,,0.0,1.0,1.0,0.0,111.0,1.0,0.0,1.0,0.0
201500042973,4,0.0,,,1.0,0.0,,,0.0,1.0,1.0,0.0,0.0,1.0,0.0,1.0,0.0
201500031516,4,0.0,,,2.0,2.0,,,0.0,1.0,1.0,0.0,0.0,1.0,0.0,1.0,0.0
201500055967,4,0.0,,,2.0,8.0,10.0,900.0,0.0,1.0,1.0,0.0,140.0,1.0,0.0,1.0,99.0
201500035556,3,0.0,,,0.0,2.0,,,0.0,1.0,1.0,0.0,0.0,1.0,1.0,1.0,99.0
201500041398,4,0.0,,,2.0,3.0,,,0.0,1.0,1.0,0.0,0.0,1.0,0.0,1.0,99.0
201500047562,1,6.0,,,3.0,6.0,15.0,366.0,0.0,3.0,1.0,15.0,210.0,1.0,0.0,1.0,99.0
201500020121,4,,,,2.0,2.0,,,0.0,1.0,1.0,0.0,0.0,1.0,0.0,1.0,99.0
201500057370,3,45.0,,,2.0,2.0,1.0,125.0,0.0,1.0,1.0,0.0,0.0,1.0,0.0,1.0,99.0
201500004614,3,6.0,,,2.0,0.0,27.0,305.0,0.0,0.0,3.0,0.0,82.0,2.0,0.0,1.0,99.0
201500019454,4,0.0,,,1.0,1.0,,,3.0,1.0,1.0,0.0,0.0,1.0,0.0,1.0,99.0
201500049025,1,630.0,,,1.0,4.0,25.0,500.0,0.0,0.0,0.0,0.0,0.0,0.0,0.0,1.0,0.0
201500035670,4,0.0,,,1.0,1.0,,,0.0,1.0,3.0,0.0,50.0,2.0,0.0,1.0,99.0
201500047355,2,449.0,,,1.0,2.0,0.0,1.0,0.0,1.0,1.0,15.0,70.0,1.0,0.0,1.0,99.0
201500044178,4,,,,2.0,2.0,,,0.0,2.0,2.0,,,2.0,0.0,1.0,99.0
201500019152,3,699.0,,,2.0,2.0,41.0,635.0,0.0,2.0,1.0,0.0,70.0,1.0,0.0,1.0,99.0
201500002827,3,656.0,,,2.0,0.0,38.0,146.0,0.0,1.0,3.0,0.0,60.0,1.0,0.0,1.0,0.0
201500011043,4,0.0,,,1.0,3.0,,,0.0,2.0,0.0,0.0,0.0,0.0,0.0,1.0,0.0
201500009451,3,2020.0,,,2.0,2.0,18.0,545.0,0.0,1.0,1.0,0.0,74.0,1.0,0.0,1.0,0.0
201500011873,2,7.0,,,2.0,0.0,11.0,750.0,0.0,2.0,1.0,0.0,50.0,1.0,0.0,1.0,0.0
201500035581,3,1.0,,,2.0,0.0,17.0,390.0,0.0,1.0,2.0,0.0,0.0,1.0,0.0,1.0,99.0
201500034183,4,0.0,,,2.0,1.0,,,0.0,1.0,1.0,0.0,0.0,1.0,0.0,1.0,0.0
201500028404,4,0.0,,,2.0,1.0,,,0.0,1.0,0.0,0.0,0.0,2.0,0.0,1.0,0.0
201500042137,4,0.0,,,1.0,1.0,,,0.0,1.0,1.0,0.0,50.0,1.0,0.0,1.0,0.0
201500021809,3,63.0,,,2.0,2.0,3.0,0.0,0.0,2.0,2.0,0.0,0.0,1.0,0.0,0.0,0.0
201500018057,3,757.0,,,2.0,2.0,27.0,200.0,0.0,1.0,1.0,0.0,65.0,1.0,0.0,1.0,0.0
201500013872,4,0.0,,,1.0,2.0,,,3.0,1.0,1.0,0.0,70.0,1.0,0.0,1.0,99.0
201500009619,3,960.0,,,2.0,2.0,44.0,500.0,0.0,1.0,1.0,0.0,69.0,1.0,0.0,3.0,0.0
201500039997,4,0.0,,,3.0,4.0,,,0.0,1.0,1.0,0.0,0.0,1.0,0.0,1.0,99.0
201500006996,3,965.0,,,2.0,0.0,94.0,100.0,0.0,1.0,1.0,60.0,0.0,1.0,0.0,1.0,0.0
201500026436,4,0.0,,,2.0,2.0,,,0.0,2.0,1.0,0.0,0.0,1.0,0.0,1.0,99.0
201500058532,2,,,,2.0,2.0,,,0.0,1.0,1.0,0.0,0.0,1.0,0.0,1.0,0.0
201500000897,3,772.0,,,2.0,0.0,7.0,0.0,0.0,1.0,1.0,0.0,66.0,1.0,0.0,3.0,0.0
201500050145,1,501.0,,,3.0,2.0,1.0,300.0,0.0,2.0,1.0,10.0,70.0,1.0,0.0,1.0,99.0
201500023620,4,0.0,,,3.0,5.0,,,0.0,1.0,1.0,0.0,0.0,1.0,0.0,1.0,0.0
201500019962,3,977.0,,,2.0,0.0,12.0,643.0,0.0,1.0,3.0,0.0,70.0,2.0,0.0,0.0,0.0
201500005550,3,141.0,,,2.0,0.0,6.0,600.0,0.0,0.0,1.0,34.0,0.0,9.0,0.0,1.0,0.0
201500053092,4,0.0,,,2.0,2.0,,,3.0,2.0,1.0,0.0,50.0,1.0,0.0,1.0,99.0
201500032209,4,0.0,,,0.0,2.0,,,1.0,1.0,1.0,0.0,124.0,1.0,0.0,0.0,0.0
201500053422,4,0.0,,,2.0,2.0,,,0.0,1.0,1.0,0.0,100.0,2.0,0.0,1.0,0.0
201500024220,4,0.0,,,2.0,2.0,,,0.0,1.0,1.0,0.0,0.0,1.0,0.0,1.0,0.0
201500002559,3,20.0,,,2.0,2.0,0.0,400.0,0.0,2.0,2.0,0.0,0.0,1.0,0.0,1.0,99.0
201500051436,4,0.0,,,1.0,4.0,,,3.0,1.0,1.0,0.0,0.0,1.0,0.0,1.0,0.0
201500036129,4,,,,2.0,3.0,,,0.0,4.0,1.0,0.0,90.0,1.0,0.0,1.0,99.0
201500010714,4,0.0,,,2.0,2.0,,,0.0,2.0,1.0,0.0,0.0,1.0,0.0,0.0,0.0
201500007482,3,46.0,,,2.0,2.0,,,0.0,0.0,4.0,0.0,70.0,2.0,0.0,1.0,99.0
201500046975,2,104.0,,,1.0,1.0,40.0,0.0,0.0,1.0,1.0,105.0,70.0,1.0,0.0,1.0,99.0
201500015158,4,0.0,,,2.0,2.0,,,0.0,1.0,1.0,0.0,90.0,1.0,0.0,1.0,0.0
201500058170,2,102.0,,,0.0,0.0,1.0,0.0,0.0,1.0,0.0,0.0,0.0,1.0,0.0,1.0,99.0
201500044416,2,193.0,,,1.0,2.0,2.0,146.0,0.0,2.0,2.0,0.0,88.0,1.0,0.0,1.0,0.0
201500020920,4,,,,1.0,1.0,,,0.0,1.0,1.0,0.0,30.0,1.0,0.0,1.0,0.0
201500037145,4,0.0,,,2.0,2.0,0.0,0.0,0.0,2.0,1.0,0.0,0.0,1.0,0.0,4.0,0.0
201500000589,4,0.0,,,2.0,0.0,,,0.0,2.0,3.0,0.0,0.0,1.0,0.0,1.0,0.0
201500047385,1,6.0,,,3.0,4.0,1.0,100.0,0.0,1.0,1.0,15.0,140.0,1.0,0.0,1.0,99.0
201500028210,4,0.0,,,1.0,1.0,,,0.0,2.0,1.0,0.0,55.0,1.0,0.0,1.0,3.0
201500026689,3,965.0,,,2.0,4.0,0.0,200.0,0.0,1.0,3.0,30.0,160.0,1.0,0.0,1.0,0.0
201500055018,4,0.0,,,1.0,1.0,1.0,0.0,0.0,1.0,1.0,0.0,30.0,1.0,0.0,1.0,99.0
201500011210,4,0.0,,,1.0,1.0,,,0.0,3.0,2.0,0.0,0.0,1.0,3.0,1.0,99.0
201500021708,4,0.0,,,2.0,2.0,,,1.0,1.0,1.0,0.0,0.0,1.0,0.0,1.0,0.0
201500028929,9,0.0,,,0.0,0.0,,,0.0,0.0,0.0,0.0,0.0,0.0,0.0,1.0,0.0
201500014701,4,0.0,,,0.0,1.0,,,0.0,1.0,1.0,0.0,0.0,2.0,0.0,1.0,0.0
201500021698,3,70.0,,,0.0,2.0,0.0,100.0,0.0,1.0,1.0,0.0,60.0,1.0,0.0,1.0,0.0
201500016905,3,88.0,,,2.0,2.0,14.0,765.0,0.0,2.0,2.0,0.0,49.0,2.0,0.0,1.0,99.0
201500030156,4,0.0,,,1.0,2.0,,,0.0,1.0,1.0,0.0,0.0,1.0,0.0,1.0,0.0
201500030995,3,160.0,,2,2.0,2.0,,,0.0,1.0,1.0,0.0,0.0,1.0,0.0,1.0,99.0
201500006988,3,84.0,,,2.0,2.0,1.0,0.0,0.0,1.0,1.0,34.0,70.0,1.0,5.0,1.0,99.0
201500052040,4,0.0,,,1.0,2.0,,,0.0,1.0,1.0,0.0,0.0,1.0,0.0,1.0,0.0
201500036509,3,446.0,,,2.0,2.0,17.0,0.0,0.0,1.0,1.0,0.0,0.0,1.0,0.0,1.0,99.0
201500051868,4,0.0,,,2.0,2.0,,,0.0,2.0,1.0,0.0,70.0,1.0,0.0,4.0,99.0
201500008529,3,16.0,,D,2.0,0.0,8.0,500.0,0.0,1.0,1.0,0.0,70.0,1.0,0.0,1.0,99.0
201500004879,3,522.0,,,0.0,0.0,2.0,0.0,0.0,1.0,2.0,0.0,0.0,2.0,0.0,1.0,99.0
201500015032,4,0.0,,,1.0,1.0,,,0.0,1.0,2.0,0.0,50.0,2.0,5.0,1.0,99.0
201500034615,4,0.0,,,2.0,2.0,,,1.0,2.0,1.0,0.0,80.0,1.0,0.0,1.0,99.0
201500038352,4,0.0,,,3.0,4.0,,,0.0,1.0,1.0,15.0,100.0,1.0,0.0,1.0,99.0
201500007488,3,952.0,,,2.0,2.0,,,0.0,2.0,2.0,0.0,70.0,2.0,0.0,1.0,99.0
201500045729,1,3.0,,,1.0,3.0,15.0,0.0,0.0,2.0,0.0,15.0,105.0,1.0,0.0,1.0,0.0
201500054467,4,0.0,,,2.0,2.0,,,0.0,2.0,1.0,0.0,0.0,1.0,0.0,1.0,99.0
201500015023,4,0.0,,,1.0,1.0,,,0.0,1.0,1.0,0.0,50.0,1.0,0.0,1.0,99.0
201500014540,4,0.0,,,2.0,6.0,,,0.0,1.0,1.0,0.0,132.0,1.0,0.0,1.0,0.0
201500054697,4,0.0,,,2.0,2.0,,,0.0,1.0,1.0,0.0,0.0,1.0,0.0,1.0,99.0
201500054242,4,0.0,,,1.0,0.0,,,0.0,1.0,1.0,0.0,0.0,1.0,5.0,1.0,99.0
201500028187,4,0.0,,,2.0,4.0,,,0.0,1.0,1.0,0.0,0.0,1.0,5.0,1.0,99.0
201500036553,2,20.0,,,3.0,4.0,14.0,500.0,0.0,1.0,1.0,0.0,0.0,2.0,0.0,1.0,0.0
201500043450,3,0.0,,,2.0,2.0,,,0.0,2.0,1.0,68.0,93.0,7.0,5.0,1.0,0.0
201500036867,3,191.0,,,2.0,2.0,36.0,0.0,0.0,3.0,1.0,0.0,0.0,1.0,0.0,1.0,99.0
201500048711,4,0.0,,,1.0,1.0,,,0.0,1.0,1.0,0.0,0.0,1.0,0.0,1.0,0.0
201500008194,3,65.0,,,2.0,2.0,1.0,570.0,0.0,1.0,1.0,0.0,70.0,1.0,0.0,1.0,0.0
201500042401,4,0.0,,,2.0,2.0,,,0.0,1.0,1.0,0.0,60.0,1.0,0.0,1.0,0.0
201500006492,3,386.0,,,2.0,2.0,10.0,170.0,0.0,3.0,3.0,0.0,55.0,1.0,0.0,1.0,99.0
201500007003,3,965.0,,,2.0,3.0,76.0,400.0,0.0,2.0,4.0,0.0,78.0,1.0,0.0,1.0,0.0
201500039871,4,0.0,,,1.0,1.0,,,0.0,1.0,1.0,0.0,40.0,1.0,0.0,1.0,99.0
201500022655,4,0.0,,,2.0,2.0,,,0.0,1.0,1.0,0.0,0.0,1.0,0.0,0.0,0.0
201500035276,4,0.0,,,2.0,2.0,,,0.0,0.0,0.0,0.0,0.0,1.0,0.0,1.0,0.0
201500055576,4,0.0,,,1.0,1.0,,,1.0,1.0,3.0,0.0,30.0,1.0,0.0,5.0,99.0
201500017319,3,5.0,,,2.0,2.0,12.0,760.0,0.0,1.0,1.0,0.0,70.0,1.0,0.0,1.0,99.0
201500006537,3,22.0,,,2.0,2.0,18.0,50.0,0.0,1.0,2.0,,49.0,2.0,0.0,3.0,0.0
201500015983,3,99.0,,,2.0,2.0,,,0.0,1.0,1.0,0.0,0.0,1.0,0.0,1.0,99.0
201500057313,3,0.0,,,2.0,2.0,,,0.0,2.0,1.0,0.0,56.0,1.0,0.0,1.0,99.0
201500010435,3,609.0,,,2.0,2.0,,,0.0,2.0,2.0,0.0,40.0,2.0,0.0,1.0,3.0
201500038741,3,0.0,,,2.0,2.0,0.0,1.0,0.0,2.0,1.0,0.0,0.0,1.0,0.0,1.0,0.0
201500013913,4,0.0,,,2.0,2.0,,,0.0,0.0,0.0,0.0,0.0,0.0,0.0,1.0,0.0
201500006914,4,0.0,,,2.0,0.0,,,0.0,0.0,1.0,0.0,0.0,1.0,0.0,1.0,0.0
201500033035,4,0.0,,,2.0,2.0,,,0.0,2.0,1.0,0.0,82.0,1.0,0.0,1.0,0.0
201500007361,3,437.0,,,2.0,0.0,,,0.0,1.0,1.0,0.0,40.0,1.0,0.0,1.0,0.0
201500025911,4,0.0,,,1.0,1.0,,,0.0,1.0,1.0,0.0,69.0,1.0,0.0,1.0,3.0
201500033085,3,906.0,,,3.0,4.0,,,0.0,1.0,1.0,0.0,0.0,1.0,0.0,1.0,99.0
201500023937,4,,,,1.0,1.0,,,0.0,1.0,1.0,0.0,0.0,1.0,0.0,1.0,0.0
201500054015,4,0.0,,,2.0,2.0,,,0.0,1.0,1.0,0.0,0.0,1.0,0.0,1.0,99.0
201500041271,4,0.0,,,3.0,3.0,0.0,1.0,0.0,1.0,1.0,0.0,0.0,2.0,0.0,1.0,0.0
201500053778,4,0.0,,,0.0,0.0,,,0.0,1.0,1.0,0.0,0.0,1.0,5.0,0.0,99.0
201500030236,6,0.0,,,0.0,0.0,,,0.0,0.0,0.0,0.0,0.0,0.0,0.0,0.0,0.0
201500026054,4,0.0,,,2.0,2.0,,,0.0,1.0,1.0,0.0,80.0,2.0,0.0,1.0,0.0
201500036058,3,218.0,,,2.0,2.0,1.0,0.0,0.0,1.0,3.0,0.0,60.0,1.0,0.0,1.0,99.0
201500030607,3,201.0,,,2.0,1.0,0.0,900.0,0.0,2.0,3.0,0.0,72.0,8.0,0.0,1.0,99.0
201500049271,4,0.0,,,1.0,2.0,0.0,1.0,0.0,2.0,2.0,0.0,83.0,1.0,0.0,1.0,99.0
201500021435,3,618.0,,,2.0,2.0,19.0,0.0,0.0,1.0,1.0,0.0,60.0,0.0,0.0,3.0,99.0
201500006651,2,19.0,,,2.0,2.0,80.0,400.0,0.0,2.0,1.0,0.0,71.0,1.0,0.0,1.0,0.0
201500034285,3,0.0,,,2.0,2.0,,,0.0,1.0,1.0,0.0,70.0,1.0,5.0,1.0,3.0
201500041305,4,0.0,,,1.0,1.0,,,3.0,1.0,1.0,10.0,30.0,1.0,4.0,0.0,0.0
201500031702,3,307.0,,,2.0,2.0,0.0,650.0,0.0,2.0,1.0,0.0,70.0,1.0,0.0,1.0,99.0
201500014091,4,0.0,,,0.0,0.0,,,0.0,0.0,1.0,0.0,0.0,1.0,0.0,1.0,3.0
201500018684,3,81.0,,,2.0,2.0,13.0,700.0,0.0,0.0,3.0,0.0,65.0,2.0,0.0,1.0,99.0
201500053614,4,0.0,,,1.0,1.0,,,0.0,1.0,1.0,0.0,0.0,3.0,0.0,0.0,0.0
201500036600,3,33.0,,,2.0,2.0,6.0,100.0,0.0,1.0,1.0,0.0,60.0,1.0,0.0,1.0,99.0
201500038304,4,0.0,,,2.0,2.0,,,0.0,1.0,1.0,0.0,60.0,1.0,0.0,1.0,99.0
201500032561,4,0.0,,,1.0,1.0,0.0,0.0,2.0,1.0,1.0,0.0,35.0,1.0,0.0,1.0,0.0
201500027347,3,323.0,,,3.0,6.0,,,0.0,1.0,1.0,0.0,120.0,2.0,0.0,1.0,0.0
201500020997,3,519.0,,,2.0,2.0,53.0,750.0,0.0,1.0,4.0,0.0,70.0,2.0,0.0,1.0,99.0
201500036888,4,0.0,,,2.0,2.0,0.0,0.0,0.0,1.0,1.0,0.0,0.0,1.0,0.0,1.0,99.0
201500047500,2,104.0,,,1.0,2.0,28.0,130.0,0.0,1.0,1.0,15.0,70.0,2.0,0.0,1.0,99.0
201500006810,3,1.0,,,2.0,0.0,,,0.0,1.0,3.0,0.0,0.0,1.0,0.0,1.0,0.0
201500045390,1,1.0,,,0.0,1.0,7.0,500.0,0.0,2.0,3.0,20.0,50.0,1.0,0.0,1.0,99.0
201500000781,3,6015.0,,,2.0,2.0,20.0,225.0,3.0,0.0,1.0,0.0,780.0,2.0,0.0,1.0,0.0
201500025409,4,0.0,,,2.0,2.0,,,0.0,1.0,1.0,0.0,87.0,1.0,0.0,1.0,0.0
201500006667,4,0.0,,,2.0,1.0,,,0.0,2.0,2.0,0.0,35.0,1.0,0.0,1.0,0.0
201500025077,4,0.0,,,3.0,2.0,,,0.0,3.0,1.0,0.0,0.0,1.0,0.0,1.0,99.0
201500050947,4,0.0,,,2.0,3.0,,,3.0,1.0,1.0,0.0,138.0,1.0,0.0,1.0,0.0
201500052053,4,0.0,,,1.0,1.0,,,0.0,1.0,1.0,0.0,0.0,1.0,0.0,1.0,99.0
201500029689,4,0.0,,,2.0,2.0,,,0.0,1.0,1.0,0.0,61.0,1.0,0.0,1.0,99.0
201500044597,1,4.0,,,3.0,5.0,3.0,400.0,0.0,1.0,1.0,20.0,175.0,1.0,0.0,1.0,99.0
201500051443,4,0.0,,,2.0,2.0,,,0.0,1.0,1.0,0.0,120.0,1.0,0.0,0.0,0.0
201500005439,3,147.0,,,2.0,0.0,,,0.0,4.0,1.0,0.0,60.0,2.0,0.0,4.0,0.0
201500021657,4,0.0,,,2.0,0.0,,,0.0,0.0,0.0,0.0,0.0,0.0,0.0,1.0,0.0
201500023710,4,0.0,,,3.0,4.0,,,2.0,1.0,1.0,0.0,0.0,1.0,0.0,1.0,0.0
201500041488,3,0.0,,,2.0,1.0,,,0.0,1.0,1.0,0.0,35.0,1.0,0.0,1.0,0.0
201500026034,4,0.0,,,2.0,2.0,,,0.0,1.0,1.0,0.0,0.0,1.0,0.0,1.0,99.0
201500036518,3,133.0,,,3.0,2.0,0.0,100.0,0.0,0.0,0.0,0.0,0.0,1.0,0.0,1.0,0.0
201500042895,4,0.0,,,1.0,1.0,,,0.0,1.0,1.0,0.0,0.0,1.0,0.0,0.0,3.0
201500058425,4,0.0,,,2.0,2.0,,,0.0,0.0,0.0,0.0,50.0,0.0,0.0,1.0,0.0
201500020256,4,0.0,,,2.0,2.0,,,0.0,1.0,1.0,0.0,99.0,1.0,0.0,1.0,0.0
201500034635,6,0.0,,,0.0,0.0,,,0.0,1.0,1.0,0.0,0.0,1.0,0.0,1.0,99.0
201500019461,4,0.0,,,3.0,2.0,,,1.0,1.0,2.0,0.0,0.0,1.0,0.0,1.0,99.0
201500054164,4,0.0,,,0.0,0.0,,,0.0,1.0,1.0,0.0,40.0,1.0,0.0,1.0,0.0
201500014977,4,0.0,,,2.0,1.0,,,0.0,1.0,1.0,0.0,60.0,1.0,0.0,1.0,0.0
201500017133,4,,,,0.0,0.0,,,0.0,0.0,0.0,0.0,0.0,0.0,0.0,0.0,0.0
201500022401,4,0.0,,,2.0,1.0,,,0.0,1.0,1.0,0.0,0.0,1.0,0.0,1.0,0.0
201500022936,4,0.0,,,2.0,0.0,,,0.0,1.0,1.0,0.0,0.0,1.0,0.0,1.0,0.0
201500003585,3,19.0,,,2.0,1.0,9.0,898.0,0.0,1.0,1.0,0.0,55.0,1.0,0.0,3.0,0.0
201500044983,1,86.0,,,3.0,3.0,30.0,778.0,0.0,1.0,1.0,25.0,35.0,2.0,0.0,1.0,99.0
201500030093,4,0.0,,,0.0,2.0,,,0.0,1.0,2.0,0.0,0.0,1.0,0.0,1.0,0.0
201500008547,3,901.0,,,2.0,2.0,41.0,500.0,0.0,0.0,2.0,0.0,64.0,9.0,0.0,1.0,99.0
201500039720,3,0.0,,,2.0,2.0,,,0.0,1.0,1.0,0.0,0.0,1.0,0.0,1.0,99.0
201500027482,4,0.0,,,2.0,2.0,,,0.0,1.0,1.0,0.0,70.0,1.0,0.0,1.0,0.0
201500035627,3,910.0,,,2.0,2.0,23.0,700.0,0.0,1.0,1.0,0.0,0.0,1.0,0.0,1.0,99.0
201500005371,3,553.0,,,2.0,0.0,5.0,900.0,0.0,1.0,1.0,0.0,31.0,1.0,0.0,3.0,0.0
201500051758,4,0.0,,,1.0,3.0,,,0.0,1.0,1.0,0.0,100.0,1.0,0.0,1.0,0.0
201500026046,3,524.0,,,2.0,2.0,3.0,168.0,1.0,1.0,1.0,0.0,0.0,2.0,0.0,1.0,0.0
201500045498,1,1.0,,,1.0,4.0,2.0,0.0,0.0,1.0,1.0,15.0,140.0,1.0,2.0,1.0,99.0
201500036772,3,191.0,,,2.0,2.0,29.0,500.0,0.0,1.0,3.0,0.0,0.0,2.0,0.0,1.0,99.0
201500034966,3,958.0,,,2.0,2.0,,,0.0,1.0,3.0,0.0,0.0,1.0,0.0,3.0,99.0
201500054162,4,0.0,,,2.0,2.0,,,0.0,1.0,1.0,0.0,0.0,1.0,0.0,1.0,0.0
201500009615,3,943.0,,,2.0,2.0,82.0,898.0,0.0,1.0,1.0,0.0,70.0,1.0,0.0,1.0,99.0
201500057618,4,0.0,,,2.0,2.0,,,0.0,0.0,0.0,0.0,0.0,1.0,0.0,1.0,99.0
201500057231,2,,,,2.0,2.0,,,0.0,1.0,1.0,0.0,60.0,1.0,0.0,1.0,0.0
201500018586,3,928.0,,,2.0,2.0,45.0,800.0,0.0,1.0,1.0,20.0,69.0,2.0,0.0,3.0,0.0
201500002711,3,932.0,,,2.0,2.0,1.0,100.0,0.0,1.0,1.0,0.0,60.0,1.0,0.0,1.0,0.0
201500029497,4,0.0,,,2.0,0.0,,,0.0,1.0,1.0,0.0,60.0,2.0,0.0,1.0,0.0
201500044643,1,86.0,,,3.0,3.0,33.0,164.0,0.0,1.0,3.0,25.0,90.0,2.0,0.0,1.0,99.0
201500009368,4,0.0,,,2.0,2.0,,,0.0,2.0,1.0,0.0,105.0,1.0,0.0,1.0,99.0
201500008724,3,2.0,,,2.0,2.0,23.0,401.0,0.0,1.0,1.0,0.0,43.0,1.0,0.0,1.0,99.0
201500027256,3,911.0,,,2.0,2.0,43.0,380.0,0.0,1.0,2.0,0.0,70.0,1.0,0.0,1.0,0.0
201500011941,3,19.0,,,2.0,2.0,2.0,100.0,0.0,1.0,1.0,0.0,50.0,2.0,0.0,1.0,0.0
201500030630,1,41.0,,,1.0,2.0,113.0,250.0,0.0,1.0,2.0,30.0,90.0,1.0,0.0,1.0,99.0
201500044161,3,14.0,,,2.0,2.0,2.0,900.0,0.0,1.0,1.0,,,2.0,0.0,1.0,3.0
201500057352,4,0.0,,,2.0,0.0,,,0.0,0.0,0.0,0.0,0.0,0.0,0.0,1.0,0.0
201500043844,4,,,,2.0,2.0,,,0.0,1.0,1.0,,,1.0,0.0,1.0,99.0
201500057689,4,0.0,,,2.0,2.0,,,2.0,1.0,1.0,0.0,0.0,1.0,0.0,1.0,99.0
201500058271,2,3.0,,,1.0,2.0,,,0.0,1.0,1.0,0.0,100.0,1.0,0.0,1.0,0.0
201500034288,4,0.0,,,2.0,2.0,,,0.0,1.0,1.0,0.0,0.0,1.0,0.0,1.0,99.0
201500051930,4,0.0,,,2.0,2.0,,,0.0,1.0,1.0,0.0,0.0,1.0,0.0,1.0,0.0
201500015034,4,0.0,,,2.0,4.0,,,0.0,1.0,1.0,15.0,140.0,1.0,0.0,1.0,0.0
201500057652,4,0.0,,,2.0,0.0,,,0.0,1.0,0.0,0.0,100.0,2.0,0.0,1.0,0.0
201500020910,3,111.0,,,2.0,2.0,3.0,50.0,0.0,1.0,1.0,0.0,94.0,1.0,0.0,3.0,0.0
201500057662,4,0.0,,,2.0,1.0,,,0.0,1.0,1.0,0.0,60.0,3.0,0.0,1.0,0.0
201500048491,4,0.0,,,1.0,2.0,,,0.0,1.0,1.0,17.0,58.0,1.0,0.0,1.0,99.0
201500023115,4,,,,2.0,2.0,,,0.0,2.0,4.0,0.0,64.0,1.0,0.0,3.0,3.0
201500045730,1,15.0,,,1.0,1.0,5.0,100.0,0.0,2.0,3.0,15.0,35.0,1.0,0.0,1.0,0.0
201500026965,4,0.0,,,2.0,2.0,1.0,0.0,0.0,1.0,1.0,0.0,0.0,1.0,0.0,1.0,0.0
201500027213,4,0.0,,,2.0,2.0,,,0.0,1.0,1.0,0.0,73.0,1.0,0.0,1.0,99.0
201500050439,1,7.0,,,1.0,3.0,278.0,0.0,0.0,1.0,1.0,0.0,105.0,1.0,0.0,1.0,99.0
201500041047,4,0.0,,,2.0,2.0,,,0.0,2.0,3.0,0.0,70.0,1.0,0.0,1.0,0.0
201500004022,4,,,,2.0,2.0,,,,1.0,1.0,,,,0.0,1.0,99.0
201500008756,3,40.0,,,2.0,2.0,17.0,765.0,0.0,1.0,1.0,0.0,0.0,1.0,0.0,1.0,99.0
201500032422,4,0.0,,,1.0,1.0,,,1.0,1.0,1.0,0.0,97.0,2.0,0.0,1.0,99.0
201500057656,4,0.0,,,0.0,0.0,,,0.0,1.0,0.0,0.0,80.0,1.0,0.0,1.0,0.0
201500049767,3,383.0,,,1.0,2.0,0.0,600.0,0.0,1.0,1.0,0.0,74.0,1.0,7.0,1.0,99.0
201500053594,4,0.0,,,1.0,1.0,,,0.0,2.0,1.0,0.0,0.0,2.0,0.0,0.0,99.0
201500044243,4,,,,1.0,1.0,,,0.0,1.0,1.0,,,1.0,0.0,1.0,99.0
201500035757,3,162.0,,,3.0,6.0,3.0,971.0,3.0,1.0,1.0,0.0,220.0,1.0,0.0,1.0,99.0
201500049554,1,7.0,,,3.0,3.0,15.0,0.0,0.0,1.0,1.0,25.0,105.0,1.0,0.0,1.0,99.0
201500013460,3,559.0,,,2.0,2.0,,,0.0,1.0,1.0,0.0,36.0,1.0,0.0,1.0,99.0
201500022800,1,68.0,,,3.0,3.0,1.0,926.0,0.0,1.0,1.0,0.0,0.0,1.0,0.0,1.0,0.0
201500030380,4,0.0,,,4.0,3.0,,,0.0,1.0,1.0,0.0,0.0,1.0,5.0,1.0,0.0
201500014450,4,0.0,,,2.0,2.0,,,0.0,1.0,1.0,0.0,60.0,1.0,0.0,1.0,0.0
201500030036,4,0.0,,,2.0,2.0,,,0.0,1.0,1.0,0.0,0.0,2.0,6.0,1.0,0.0
201500058111,4,0.0,,,0.0,1.0,,,0.0,0.0,0.0,0.0,0.0,0.0,0.0,0.0,0.0
201500006758,3,70.0,,0,2.0,2.0,9.0,450.0,0.0,1.0,1.0,0.0,64.0,2.0,0.0,3.0,99.0
201500032915,4,0.0,,,2.0,2.0,,,0.0,1.0,1.0,0.0,0.0,1.0,0.0,1.0,0.0
201500019032,4,0.0,,,1.0,1.0,0.0,0.0,0.0,1.0,2.0,0.0,0.0,1.0,0.0,1.0,0.0
201500021028,4,0.0,,,0.0,2.0,,,0.0,1.0,1.0,63.0,132.0,1.0,0.0,0.0,99.0
201500014296,4,0.0,,,0.0,0.0,,,0.0,2.0,1.0,0.0,0.0,1.0,0.0,0.0,99.0
201500008920,2,198.0,,,2.0,2.0,121.0,500.0,0.0,1.0,1.0,0.0,60.0,1.0,0.0,1.0,99.0
201500020402,4,,,,1.0,1.0,,,1.0,2.0,2.0,0.0,46.0,1.0,0.0,1.0,99.0
201500049381,1,30.0,,,0.0,4.0,24.0,100.0,0.0,1.0,1.0,20.0,140.0,1.0,0.0,1.0,0.0
201500048397,1,225.0,,,3.0,4.0,9.0,900.0,0.0,1.0,1.0,40.0,150.0,1.0,0.0,1.0,99.0
201500003754,3,25.0,,,2.0,2.0,63.0,500.0,0.0,1.0,1.0,0.0,63.0,1.0,0.0,1.0,0.0
201500035385,3,11.0,,,0.0,2.0,3.0,0.0,0.0,0.0,0.0,0.0,50.0,0.0,0.0,1.0,0.0
201500009843,4,0.0,,,2.0,0.0,,,0.0,2.0,1.0,50.0,90.0,1.0,0.0,1.0,99.0
201500047571,1,6.0,,a,3.0,6.0,8.0,0.0,0.0,3.0,1.0,15.0,210.0,1.0,0.0,1.0,99.0
201500040914,4,0.0,,,2.0,2.0,,,0.0,1.0,2.0,20.0,40.0,1.0,0.0,1.0,0.0
201500021795,4,0.0,,,1.0,1.0,,,0.0,4.0,0.0,0.0,0.0,7.0,0.0,3.0,0.0
201500034220,4,0.0,,,0.0,1.0,,,0.0,1.0,1.0,0.0,0.0,0.0,0.0,1.0,99.0
201500038435,4,0.0,,,1.0,1.0,,,0.0,1.0,1.0,0.0,60.0,1.0,0.0,1.0,99.0
201500027120,3,0.0,,,0.0,2.0,1.0,0.0,0.0,0.0,0.0,0.0,0.0,2.0,0.0,1.0,99.0
201500006007,3,157.0,,,2.0,2.0,37.0,445.0,0.0,2.0,2.0,0.0,83.0,1.0,0.0,1.0,99.0
201500018239,4,0.0,,,2.0,2.0,,,0.0,1.0,1.0,0.0,0.0,1.0,0.0,1.0,99.0
201500055223,4,0.0,,,1.0,1.0,,,0.0,1.0,3.0,0.0,60.0,1.0,0.0,1.0,99.0
201500021335,3,1203.0,,B,2.0,2.0,0.0,45.0,0.0,2.0,2.0,5.0,65.0,1.0,0.0,1.0,99.0
201500052304,4,0.0,,,2.0,2.0,,,0.0,1.0,1.0,10.0,80.0,1.0,0.0,1.0,0.0
201500000698,3,830.0,,,2.0,3.0,3.0,550.0,0.0,0.0,1.0,0.0,75.0,1.0,0.0,1.0,99.0
201500039835,4,0.0,,,1.0,2.0,,,0.0,1.0,1.0,0.0,0.0,2.0,0.0,1.0,0.0
201500018501,4,0.0,,,2.0,2.0,0.0,0.0,0.0,0.0,1.0,0.0,60.0,1.0,0.0,1.0,0.0
201500041631,2,,,,3.0,2.0,,,1.0,1.0,0.0,0.0,0.0,1.0,0.0,5.0,99.0
201500043397,4,0.0,,,1.0,0.0,,,0.0,1.0,1.0,0.0,0.0,1.0,0.0,1.0,99.0
201500040849,9,0.0,,,2.0,2.0,,,0.0,1.0,1.0,0.0,0.0,1.0,0.0,1.0,99.0
201500047747,2,193.0,,,1.0,2.0,147.0,392.0,0.0,1.0,1.0,0.0,60.0,1.0,5.0,1.0,99.0
201500045489,1,86.0,,,1.0,3.0,2.0,500.0,0.0,1.0,1.0,15.0,105.0,1.0,2.0,0.0,99.0
201500037579,4,3.0,,,1.0,1.0,,,0.0,1.0,1.0,0.0,0.0,2.0,0.0,1.0,0.0
201500044960,1,4.0,,,3.0,3.0,17.0,300.0,0.0,1.0,1.0,25.0,105.0,1.0,0.0,1.0,99.0
201500052012,4,0.0,,,1.0,3.0,,,3.0,0.0,0.0,0.0,0.0,0.0,0.0,1.0,0.0
201500041374,4,0.0,,,2.0,0.0,0.0,1.0,0.0,1.0,0.0,0.0,0.0,1.0,0.0,1.0,99.0
201500027601,4,0.0,,,2.0,2.0,,,0.0,1.0,2.0,0.0,61.0,2.0,0.0,1.0,0.0
201500027225,4,0.0,,,2.0,2.0,,,3.0,1.0,1.0,10.0,55.0,1.0,5.0,1.0,99.0
201500032503,4,0.0,,,2.0,3.0,0.0,0.0,3.0,1.0,1.0,0.0,114.0,2.0,0.0,1.0,0.0
